ticker,security_type,reason,signals
AACT,spac_or_blank_check,name_contains:ACQUISITION CORPORATION,605
AADI,common_stock,profile_fields_present,307
AAIN,common_stock,profile_fields_present,3
AAM,spac_or_blank_check,name_contains:ACQUISITION CORP,602
AAMI,common_stock,profile_fields_present,686
AAN,common_stock,profile_fields_present,190
AAP,common_stock,profile_fields_present,612
AARD,common_stock,profile_fields_present,330
AAT,common_stock,profile_fields_present,637
AAU,common_stock,profile_fields_present,64
AAUC,common_stock,profile_fields_present,505
AB,common_stock,profile_fields_present,625
ABAT,common_stock,profile_fields_present,623
ABC,common_stock,profile_fields_present,302
ABCL,common_stock,profile_fields_present,623
ABEO,common_stock,profile_fields_present,626
ABG,common_stock,profile_fields_present,616
ABIO,common_stock,profile_fields_present,176
ABL,common_stock,profile_fields_present,511
ABLLL,exchange_traded_debt,name_contains:NOTES,549
ABM,common_stock,profile_fields_present,628
ABOS,common_stock,profile_fields_present,620
ABP,common_stock,profile_fields_present,552
ABR,common_stock,profile_fields_present,610
ABSI,common_stock,profile_fields_present,621
ABUS,common_stock,profile_fields_present,627
ABX,common_stock,profile_fields_present,628
AC,common_stock,profile_fields_present,427
ACAC,spac_or_blank_check,name_contains:ACQUISITION CORPORATION,235
ACAD,common_stock,profile_fields_present,628
ACAH,spac_or_blank_check,name_contains:ACQUISITION CORP,36
ACAX,spac_or_blank_check,name_contains:ACQUISITION CORP,4
ACB,common_stock,profile_fields_present,610
ACBA,spac_or_blank_check,industry_description:SHELL_COMPANIES+BUSINESS_COMBINATION,117
ACCD,common_stock,profile_fields_present,317
ACCO,common_stock,profile_fields_present,612
ACDC,common_stock,profile_fields_present,614
ACEL,common_stock,profile_fields_present,621
ACET,common_stock,profile_fields_present,610
ACFN,common_stock,profile_fields_present,643
ACH,common_stock,profile_fields_present,620
ACHC,common_stock,profile_fields_present,616
ACHL,adr,raw_flag:isAdr,319
ACHR,common_stock,profile_fields_present,621
ACHV,common_stock,profile_fields_present,617
ACIC,common_stock,profile_fields_present,623
ACIU,common_stock,profile_fields_present,611
ACIW,common_stock,profile_fields_present,657
ACLS,common_stock,profile_fields_present,120
ACLX,common_stock,profile_fields_present,641
ACNB,common_stock,profile_fields_present,632
ACNT,common_stock,profile_fields_present,651
ACOG,common_stock,profile_fields_present,396
ACOR,common_stock,profile_fields_present,87
ACR,common_stock,profile_fields_present,674
ACRE,common_stock,profile_fields_present,610
ACRS,common_stock,profile_fields_present,621
ACST,common_stock,profile_fields_present,227
ACTG,common_stock,profile_fields_present,633
ACTU,common_stock,profile_fields_present,332
ACTV,etf,is_etf=True,468
ACU,common_stock,profile_fields_present,624
ACVA,common_stock,profile_fields_present,628
AD,common_stock,profile_fields_present,633
ADAC,common_stock,profile_fields_present,630
ADAM,common_stock,profile_fields_present,207
ADAP,adr,raw_flag:isAdr,461
ADD,common_stock,profile_fields_present,414
ADEA,common_stock,profile_fields_present,655
ADMA,common_stock,profile_fields_present,673
ADN,common_stock,profile_fields_present,252
ADNT,common_stock,profile_fields_present,619
ADOC,spac_or_blank_check,name_contains:ACQUISITION CORP,57
ADOCR,spac_or_blank_check,name_contains:ACQUISITION CORP,55
ADPT,common_stock,profile_fields_present,649
ADRT,spac_or_blank_check,industry_description:SHELL_COMPANIES+BUSINESS_COMBINATION,203
ADSE,common_stock,profile_fields_present,647
ADT,common_stock,profile_fields_present,628
ADTH,common_stock,profile_fields_present,133
ADTN,common_stock,profile_fields_present,644
ADUR,common_stock,profile_fields_present,414
ADUS,common_stock,profile_fields_present,639
ADV,common_stock,profile_fields_present,615
ADVM,common_stock,profile_fields_present,489
AE,common_stock,profile_fields_present,288
AEBI,common_stock,profile_fields_present,235
AEBIV,common_stock,profile_fields_present,1
AEC,common_stock,profile_fields_present,624
AEHR,common_stock,profile_fields_present,642
AEL,common_stock,profile_fields_present,92
AEMB,etf,is_etf=True,197
AENT,common_stock,profile_fields_present,627
AEO,common_stock,profile_fields_present,633
AESC,common_stock,profile_fields_present,30
AESI,common_stock,profile_fields_present,628
AEVA,common_stock,profile_fields_present,640
AEY,common_stock,profile_fields_present,20
AEYE,common_stock,profile_fields_present,637
AEZS,common_stock,profile_fields_present,152
AFBI,common_stock,profile_fields_present,646
AFCG,common_stock,profile_fields_present,622
AFGB,common_stock,profile_fields_present,613
AFGC,common_stock,profile_fields_present,611
AFGD,common_stock,profile_fields_present,622
AFGE,common_stock,profile_fields_present,617
AFMD,common_stock,profile_fields_present,529
AFRI,common_stock,profile_fields_present,615
AFT,mutual_fund,raw_flag:isFund,159
AFTY,etf,is_etf=True,198
AFYA,common_stock,profile_fields_present,612
AGAE,common_stock,profile_fields_present,616
AGBA,spac_or_blank_check,industry_description:SHELL_COMPANIES+BUSINESS_COMBINATION,202
AGBK,common_stock,profile_fields_present,610
AGCC,common_stock,profile_fields_present,166
AGE,common_stock,profile_fields_present,58
AGEN,common_stock,profile_fields_present,610
AGFY,common_stock,profile_fields_present,421
AGIH,etf,is_etf=True,425
AGIO,common_stock,profile_fields_present,624
AGL,common_stock,profile_fields_present,621
AGM,common_stock,profile_fields_present,619
AGNT,common_stock,profile_fields_present,610
AGO,common_stock,profile_fields_present,628
AGR,common_stock,profile_fields_present,249
AGRI,common_stock,profile_fields_present,470
AGRX,common_stock,profile_fields_present,58
AGS,common_stock,profile_fields_present,427
AGTI,common_stock,profile_fields_present,86
AGYS,common_stock,profile_fields_present,639
AHAC,spac_or_blank_check,name_contains:ACQUISITION CORP,304
AHCO,common_stock,profile_fields_present,621
AHH,common_stock,profile_fields_present,542
AHI,adr,raw_flag:isAdr,22
AHL,common_stock,profile_fields_present,234
AHOY,etf,is_etf=True,284
AHRT,common_stock,profile_fields_present,610
AI,common_stock,profile_fields_present,616
AIAI,common_stock,profile_fields_present,16
AIC,exchange_traded_debt,name_contains:NT,3
AIF,mutual_fund,raw_flag:isFund,146
AIFE,spac_or_blank_check,name_contains:ACQUISITION CORPORATION,183
AIFER,spac_or_blank_check,name_contains:ACQUISITION CORP,295
AII,common_stock,profile_fields_present,293
AIIO,common_stock,profile_fields_present,610
AIIR,common_stock,profile_fields_present,238
AIN,common_stock,profile_fields_present,610
AINC,common_stock,profile_fields_present,143
AIOT,common_stock,profile_fields_present,619
AIP,common_stock,profile_fields_present,650
AIR,common_stock,profile_fields_present,640
AIRC,common_stock,profile_fields_present,61
AIRG,common_stock,profile_fields_present,643
AIRJ,common_stock,profile_fields_present,616
AIRL,etf,is_etf=True,458
AIRO,common_stock,profile_fields_present,246
AIRS,common_stock,profile_fields_present,617
AIRT,common_stock,profile_fields_present,616
AISP,common_stock,profile_fields_present,612
AITR,spac_or_blank_check,name_contains:ACQUISITION CORP,459
AIU,adr,raw_flag:isAdr,154
AIV,common_stock,profile_fields_present,615
AIW,common_stock,profile_fields_present,3
AIZN,common_stock,profile_fields_present,607
AJX,common_stock,profile_fields_present,250
AJXA,common_stock,profile_fields_present,94
AKA,common_stock,profile_fields_present,620
AKLI,common_stock,profile_fields_present,124
AKR,common_stock,profile_fields_present,664
AKRO,common_stock,profile_fields_present,496
AKTS,common_stock,profile_fields_present,102
AKYA,common_stock,profile_fields_present,380
AL,common_stock,profile_fields_present,616
ALCC,spac_or_blank_check,name_contains:ACQUISITION CORP,99
ALCO,common_stock,profile_fields_present,639
ALE,common_stock,profile_fields_present,526
ALEX,common_stock,profile_fields_present,561
ALG,common_stock,profile_fields_present,634
ALGS,common_stock,profile_fields_present,618
ALGT,common_stock,profile_fields_present,627
ALH,common_stock,profile_fields_present,165
ALHC,common_stock,profile_fields_present,651
ALIM,common_stock,profile_fields_present,185
ALK,common_stock,profile_fields_present,136
ALKT,common_stock,profile_fields_present,637
ALLG,common_stock,profile_fields_present,161
ALLK,common_stock,profile_fields_present,343
ALLT,common_stock,profile_fields_present,655
ALMR,common_stock,profile_fields_present,35
ALMS,common_stock,profile_fields_present,627
ALMU,common_stock,profile_fields_present,631
ALNT,common_stock,profile_fields_present,666
ALOT,common_stock,profile_fields_present,637
ALOV,common_stock,profile_fields_present,58
ALOY,common_stock,profile_fields_present,626
ALPN,common_stock,profile_fields_present,133
ALRM,common_stock,profile_fields_present,618
ALRN,common_stock,profile_fields_present,280
ALRS,common_stock,profile_fields_present,635
ALSA,spac_or_blank_check,name_contains:ACQUISITION CORPORATION,336
ALT,common_stock,profile_fields_present,611
ALTG,common_stock,profile_fields_present,610
ALTI,common_stock,profile_fields_present,612
ALTM,common_stock,profile_fields_present,312
ALTO,common_stock,profile_fields_present,638
ALTR,common_stock,profile_fields_present,334
ALTU,spac_or_blank_check,name_contains:ACQUISITION CORP,49
ALVO,common_stock,profile_fields_present,621
ALX,common_stock,profile_fields_present,626
ALYA,common_stock,profile_fields_present,27
AMAL,common_stock,profile_fields_present,640
AMAM,common_stock,profile_fields_present,48
AMBA,common_stock,profile_fields_present,627
AMBC,common_stock,profile_fields_present,478
AMBI,common_stock,profile_fields_present,458
AMBP,common_stock,profile_fields_present,626
AMBQ,common_stock,profile_fields_present,224
AMC,common_stock,profile_fields_present,21
AMCI,common_stock,profile_fields_present,610
AMCX,common_stock,profile_fields_present,612
AMDU,etf,is_etf=True,108
AMED,common_stock,profile_fields_present,419
AMEH,common_stock,profile_fields_present,38
AMJ,etf,is_etf=True,113
AMK,common_stock,profile_fields_present,181
AMLX,common_stock,profile_fields_present,641
AMN,common_stock,profile_fields_present,614
AMNA,etf,is_etf=True,303
AMNB,common_stock,profile_fields_present,60
AMND,etf,is_etf=True,291
AMPD,etf,is_etf=True,362
AMPG,common_stock,profile_fields_present,620
AMPGR,right,name_contains:RIGHT,505
AMPGZ,right,name_contains:RIGHT,22
AMPH,common_stock,profile_fields_present,610
AMPL,common_stock,profile_fields_present,611
AMPS,common_stock,profile_fields_present,332
AMPX,common_stock,profile_fields_present,644
AMPY,common_stock,profile_fields_present,616
AMR,common_stock,profile_fields_present,626
AMRC,common_stock,profile_fields_present,615
AMRK,common_stock,profile_fields_present,547
AMRS,common_stock,profile_fields_present,262
AMRX,common_stock,profile_fields_present,674
AMSC,common_stock,profile_fields_present,643
AMSF,common_stock,profile_fields_present,614
AMTB,common_stock,profile_fields_present,616
AMTX,common_stock,profile_fields_present,613
AMWD,common_stock,profile_fields_present,612
AMWL,common_stock,profile_fields_present,612
AMYT,adr,raw_flag:isAdr,262
ANAB,common_stock,profile_fields_present,659
ANABV,common_stock,profile_fields_present,10
ANDE,common_stock,profile_fields_present,647
ANDG,common_stock,profile_fields_present,138
ANF,common_stock,profile_fields_present,640
ANGI,common_stock,profile_fields_present,610
ANGO,common_stock,profile_fields_present,622
ANGX,common_stock,profile_fields_present,185
ANIK,common_stock,profile_fields_present,620
ANIP,common_stock,profile_fields_present,642
ANIX,common_stock,profile_fields_present,614
ANNA,common_stock,profile_fields_present,633
ANNX,common_stock,profile_fields_present,620
ANPA,common_stock,profile_fields_present,235
ANRO,common_stock,profile_fields_present,609
ANSS,common_stock,profile_fields_present,391
ANTA,common_stock,profile_fields_present,267
ANTE,adr,raw_flag:isAdr,441
ANTX,common_stock,profile_fields_present,615
AOMN,common_stock,profile_fields_present,464
AOMR,common_stock,profile_fields_present,619
AORT,common_stock,profile_fields_present,657
AOSL,common_stock,profile_fields_present,627
AOUT,common_stock,profile_fields_present,634
AP,common_stock,profile_fields_present,643
APAC,spac_or_blank_check,name_contains:ACQUISITION CORPORATION,63
APAD,spac_or_blank_check,name_contains:ACQUISITION CORP,219
APADR,spac_or_blank_check,name_contains:ACQUISITION CORP,211
APAM,common_stock,profile_fields_present,618
APCA,spac_or_blank_check,name_contains:ACQUISITION CORP,186
APDN,common_stock,profile_fields_present,378
APEI,common_stock,profile_fields_present,677
APLE,common_stock,profile_fields_present,624
APLS,common_stock,profile_fields_present,613
APOG,common_stock,profile_fields_present,641
APPN,common_stock,profile_fields_present,614
APPS,common_stock,profile_fields_present,622
APT,common_stock,profile_fields_present,624
APTO,common_stock,profile_fields_present,314
APYX,common_stock,profile_fields_present,626
AQN,common_stock,profile_fields_present,624
AQNU,common_stock,profile_fields_present,115
AQST,common_stock,profile_fields_present,628
AQUNR,spac_or_blank_check,name_contains:ACQUISITION CORP,296
ARAV,common_stock,profile_fields_present,17
ARBKL,exchange_traded_debt,name_contains:NOTES,491
ARC,common_stock,profile_fields_present,244
ARCB,common_stock,profile_fields_present,643
ARCH,common_stock,profile_fields_present,263
ARCO,common_stock,profile_fields_present,615
ARCT,common_stock,profile_fields_present,617
ARDT,common_stock,profile_fields_present,475
ARDX,common_stock,profile_fields_present,618
AREA,etf,is_etf=True,367
AREC,common_stock,profile_fields_present,631
ARGD,common_stock,profile_fields_present,436
ARHS,common_stock,profile_fields_present,626
ARI,common_stock,profile_fields_present,619
ARIS,common_stock,profile_fields_present,712
ARIZ,spac_or_blank_check,name_contains:ACQUISITION CORP,43
ARKO,common_stock,profile_fields_present,620
ARL,common_stock,profile_fields_present,614
ARLO,common_stock,profile_fields_present,633
ARLP,common_stock,profile_fields_present,634
ARMP,common_stock,profile_fields_present,636
AROW,common_stock,profile_fields_present,635
ARQ,common_stock,profile_fields_present,625
ARQQ,common_stock,profile_fields_present,620
ARQT,common_stock,profile_fields_present,640
ARR,common_stock,profile_fields_present,610
ARRW,spac_or_blank_check,name_contains:ACQUISITION CORP,82
ARRY,common_stock,profile_fields_present,622
ARTNA,common_stock,profile_fields_present,610
ARTV,common_stock,profile_fields_present,480
ARVN,common_stock,profile_fields_present,618
ARX,common_stock,profile_fields_present,219
ARXS,common_stock,profile_fields_present,36
ARYD,spac_or_blank_check,name_contains:ACQUISITION CORP,208
ASA,closed_end_fund,industry_description:ASSET_MANAGEMENT+FUND_TEMPLATE,705
ASAI,adr,raw_flag:isAdr,274
ASAN,common_stock,profile_fields_present,613
ASB,common_stock,profile_fields_present,629
ASBA,common_stock,profile_fields_present,627
ASC,common_stock,profile_fields_present,643
ASCA,spac_or_blank_check,name_contains:SPAC,89
ASCAR,spac_or_blank_check,name_contains:SPAC,63
ASCB,spac_or_blank_check,name_contains:SPAC,538
ASGN,common_stock,profile_fields_present,591
ASH,common_stock,profile_fields_present,620
ASIC,common_stock,profile_fields_present,248
ASIX,common_stock,profile_fields_present,619
ASLE,common_stock,profile_fields_present,621
ASLN,adr,raw_flag:isAdr,136
ASM,common_stock,profile_fields_present,682
ASMB,common_stock,profile_fields_present,656
ASNS,common_stock,profile_fields_present,571
ASO,common_stock,profile_fields_present,623
ASPI,common_stock,profile_fields_present,643
ASPN,common_stock,profile_fields_present,628
ASPS,common_stock,profile_fields_present,615
ASRT,common_stock,profile_fields_present,630
ASRV,common_stock,profile_fields_present,626
ASST,common_stock,profile_fields_present,614
ASTC,common_stock,profile_fields_present,615
ASTE,common_stock,profile_fields_present,638
ASTH,common_stock,profile_fields_present,638
ASTL,common_stock,profile_fields_present,615
ASTR,common_stock,profile_fields_present,135
ASUR,common_stock,profile_fields_present,617
ASXC,common_stock,profile_fields_present,160
ASYS,common_stock,profile_fields_present,644
ATAI,common_stock,profile_fields_present,633
ATAK,spac_or_blank_check,name_contains:ACQUISITION CORP,11
ATAKR,spac_or_blank_check,name_contains:ACQUISITION CORP,12
ATCOL,non_common_series,symbol_suffix:fifth_char_L+inactive,394
ATEC,common_stock,profile_fields_present,638
ATEN,common_stock,profile_fields_present,657
ATEX,common_stock,profile_fields_present,648
ATGE,common_stock,profile_fields_present,593
ATGL,common_stock,profile_fields_present,616
ATHN,spac_or_blank_check,name_contains:ACQUISITION CORP,302
ATHR,common_stock,profile_fields_present,290
ATIF,common_stock,profile_fields_present,242
ATKR,common_stock,profile_fields_present,623
ATLC,common_stock,profile_fields_present,640
ATLO,common_stock,profile_fields_present,654
ATLX,common_stock,profile_fields_present,610
ATMR,spac_or_blank_check,name_contains:ACQUISITION CORP,302
ATMU,common_stock,profile_fields_present,682
ATMVR,spac_or_blank_check,name_contains:ACQUISITION CORP,509
ATNF,common_stock,profile_fields_present,410
ATNI,common_stock,profile_fields_present,620
ATOM,common_stock,profile_fields_present,619
ATOS,common_stock,profile_fields_present,617
ATRA,common_stock,profile_fields_present,612
ATRC,common_stock,profile_fields_present,618
ATRI,common_stock,profile_fields_present,159
ATRO,common_stock,profile_fields_present,675
ATSG,common_stock,profile_fields_present,342
ATUS,common_stock,profile_fields_present,475
ATXS,common_stock,profile_fields_present,533
AUBAP,preferred,symbol_suffix:fifth_char_P,531
AUBN,common_stock,profile_fields_present,618
AUC,common_stock,profile_fields_present,610
AUDC,common_stock,profile_fields_present,610
AUGO,common_stock,profile_fields_present,262
AUGX,common_stock,profile_fields_present,188
AUNA,common_stock,profile_fields_present,554
AUPH,common_stock,profile_fields_present,637
AURA,common_stock,profile_fields_present,615
AUVI,common_stock,profile_fields_present,119
AUVIP,preferred,symbol_suffix:fifth_char_P,119
AVA,common_stock,profile_fields_present,623
AVAH,common_stock,profile_fields_present,650
AVBC,common_stock,profile_fields_present,239
AVBH,common_stock,profile_fields_present,232
AVBP,common_stock,profile_fields_present,618
AVD,common_stock,profile_fields_present,610
AVDL,adr,raw_flag:isAdr,552
AVDX,common_stock,profile_fields_present,452
AVEX,common_stock,profile_fields_present,35
AVGR,common_stock,profile_fields_present,283
AVIR,common_stock,profile_fields_present,621
AVLN,common_stock,profile_fields_present,26
AVNS,common_stock,profile_fields_present,622
AVNT,common_stock,profile_fields_present,631
AVNW,common_stock,profile_fields_present,617
AVO,common_stock,profile_fields_present,630
AVPT,common_stock,profile_fields_present,658
AVR,common_stock,profile_fields_present,378
AVRO,common_stock,profile_fields_present,117
AVTE,common_stock,profile_fields_present,339
AVTX,common_stock,profile_fields_present,623
AVXL,common_stock,profile_fields_present,614
AWEG,etf,is_etf=True,527
AWH,common_stock,profile_fields_present,325
AWR,common_stock,profile_fields_present,613
AX,common_stock,profile_fields_present,115
AXDX,common_stock,profile_fields_present,344
AXG,common_stock,profile_fields_present,627
AXGN,common_stock,profile_fields_present,672
AXIL,common_stock,profile_fields_present,581
AXL,common_stock,profile_fields_present,530
AXNX,common_stock,profile_fields_present,232
AXR,common_stock,profile_fields_present,634
AXTI,common_stock,profile_fields_present,665
AY,common_stock,profile_fields_present,238
AYA,common_stock,profile_fields_present,24
AYRO,common_stock,profile_fields_present,413
AYX,common_stock,profile_fields_present,52
AZ,common_stock,profile_fields_present,634
AZEK,common_stock,profile_fields_present,274
AZNH,etf,is_etf=True,345
AZPN,common_stock,profile_fields_present,325
AZTA,common_stock,profile_fields_present,612
AZUL,adr,raw_flag:isAdr,363
AZZ,common_stock,profile_fields_present,671
BACA,spac_or_blank_check,name_contains:ACQUISITION CORP,188
BALY,common_stock,profile_fields_present,640
BANC,common_stock,profile_fields_present,632
BAND,common_stock,profile_fields_present,637
BANF,common_stock,profile_fields_present,626
BANR,common_stock,profile_fields_present,623
BANX,closed_end_fund,raw_description:CLOSED_END_MUTUAL_FUND,635
BARK,common_stock,profile_fields_present,623
BASE,common_stock,profile_fields_present,449
BATRA,common_stock,profile_fields_present,624
BATRK,common_stock,profile_fields_present,625
BBAI,common_stock,profile_fields_present,619
BBBY,common_stock,profile_fields_present,613
BBCB,etf,is_etf=True,591
BBCP,common_stock,profile_fields_present,624
BBGI,common_stock,profile_fields_present,615
BBNX,common_stock,profile_fields_present,353
BBOT,common_stock,profile_fields_present,214
BBSI,common_stock,profile_fields_present,649
BBT,common_stock,profile_fields_present,629
BBU,common_stock,profile_fields_present,599
BBUC,common_stock,profile_fields_present,645
BBW,common_stock,profile_fields_present,645
BBWI,common_stock,profile_fields_present,619
BCAL,common_stock,profile_fields_present,627
BCAX,common_stock,profile_fields_present,445
BCBP,common_stock,profile_fields_present,619
BCC,common_stock,profile_fields_present,622
BCHT,common_stock,profile_fields_present,107
BCIM,etf,is_etf=True,491
BCML,common_stock,profile_fields_present,626
BCO,common_stock,profile_fields_present,646
BCOV,common_stock,profile_fields_present,302
BCRX,common_stock,profile_fields_present,627
BCSA,spac_or_blank_check,name_contains:ACQUISITION CORP,226
BDC,common_stock,profile_fields_present,639
BDCI,common_stock,profile_fields_present,160
BDL,common_stock,profile_fields_present,615
BDN,common_stock,profile_fields_present,618
BDSX,common_stock,profile_fields_present,612
BEAM,common_stock,profile_fields_present,613
BECN,common_stock,profile_fields_present,363
BEDU,adr,raw_flag:isAdr,497
BELFB,common_stock,profile_fields_present,692
BERY,common_stock,profile_fields_present,349
BEST,adr,raw_flag:isAdr,307
BETA,common_stock,profile_fields_present,147
BETR,common_stock,profile_fields_present,624
BETS,common_stock,profile_fields_present,45
BFAC,spac_or_blank_check,name_contains:ACQUISITION CORP,242
BFAM,common_stock,profile_fields_present,633
BFC,common_stock,profile_fields_present,648
BFH,common_stock,profile_fields_present,662
BFI,common_stock,profile_fields_present,262
BFIN,common_stock,profile_fields_present,525
BFIT,etf,is_etf=True,32
BFK,mutual_fund,raw_flag:isFund,543
BFLY,common_stock,profile_fields_present,633
BFRE,etf,is_etf=True,276
BFS,common_stock,profile_fields_present,620
BFST,common_stock,profile_fields_present,622
BFZ,mutual_fund,raw_flag:isFund,535
BGDE,common_stock,profile_fields_present,610
BGFV,common_stock,profile_fields_present,441
BGIN,common_stock,profile_fields_present,158
BGMSP,preferred,symbol_suffix:fifth_char_P,148
BGNE,adr,raw_flag:isAdr,260
BGS,common_stock,profile_fields_present,610
BGSF,common_stock,profile_fields_present,610
BGSI,common_stock,profile_fields_present,152
BH,common_stock,profile_fields_present,655
BHAC,spac_or_blank_check,name_contains:ACQUISITION CO,367
BHAT,common_stock,profile_fields_present,552
BHB,common_stock,profile_fields_present,626
BHC,common_stock,profile_fields_present,613
BHE,common_stock,profile_fields_present,665
BHF,common_stock,profile_fields_present,617
BHIL,common_stock,profile_fields_present,310
BHLB,common_stock,profile_fields_present,429
BHM,common_stock,profile_fields_present,617
BHR,common_stock,profile_fields_present,616
BHRB,common_stock,profile_fields_present,612
BHST,common_stock,profile_fields_present,632
BHVN,common_stock,profile_fields_present,621
BIG,common_stock,profile_fields_present,172
BIGC,common_stock,profile_fields_present,397
BIGZ,mutual_fund,raw_flag:isFund,308
BILL,common_stock,profile_fields_present,618
BIOA,common_stock,profile_fields_present,434
BIOL,common_stock,profile_fields_present,117
BIPC,common_stock,profile_fields_present,636
BIRD,common_stock,profile_fields_present,611
BITE,spac_or_blank_check,name_contains:ACQUISITION CORP,132
BITF,common_stock,profile_fields_present,578
BJK,etf,is_etf=True,585
BJRI,common_stock,profile_fields_present,627
BK,common_stock,profile_fields_present,723
BKCC,business_development_company,raw_description:BUSINESS_DEVELOPMENT_COMPANY,54
BKD,common_stock,profile_fields_present,665
BKDT,common_stock,profile_fields_present,333
BKE,common_stock,profile_fields_present,624
BKIV,etf,is_etf=True,481
BKKT,common_stock,profile_fields_present,614
BKN,mutual_fund,raw_flag:isFund,519
BKSY,common_stock,profile_fields_present,644
BKTI,common_stock,profile_fields_present,661
BKU,common_stock,profile_fields_present,639
BKV,common_stock,profile_fields_present,447
BKWO,etf,is_etf=True,530
BL,common_stock,profile_fields_present,611
BLAC,spac_or_blank_check,name_contains:ACQUISITION CORP,333
BLBD,common_stock,profile_fields_present,655
BLBX,common_stock,profile_fields_present,552
BLCM,common_stock,profile_fields_present,42
BLCV,etf,is_etf=True,620
BLDE,common_stock,profile_fields_present,421
BLDP,common_stock,profile_fields_present,631
BLE,mutual_fund,raw_flag:isFund,542
BLEUR,right,symbol_suffix:fifth_char_R+inactive,226
BLFS,common_stock,profile_fields_present,628
BLFY,common_stock,profile_fields_present,590
BLKB,common_stock,profile_fields_present,610
BLLN,common_stock,profile_fields_present,145
BLMN,common_stock,profile_fields_present,614
BLPH,common_stock,profile_fields_present,243
BLSH,common_stock,profile_fields_present,205
BLUA,spac_or_blank_check,name_contains:ACQUISITION CORP,134
BLUE,common_stock,profile_fields_present,354
BLX,common_stock,profile_fields_present,678
BLZE,common_stock,profile_fields_present,624
BMAQ,spac_or_blank_check,name_contains:ACQUISITION CORP,178
BMAX,etf,is_etf=True,272
BMBL,common_stock,profile_fields_present,610
BMHL,common_stock,profile_fields_present,233
BMI,common_stock,profile_fields_present,643
BMRC,common_stock,profile_fields_present,622
BMTX,common_stock,profile_fields_present,307
BNAI,common_stock,profile_fields_present,563
BNED,common_stock,profile_fields_present,610
BNIX,spac_or_blank_check,name_contains:ACQUISITION CORP,351
BNL,common_stock,profile_fields_present,636
BNRE,common_stock,profile_fields_present,198
BNTC,common_stock,profile_fields_present,635
BOBS,common_stock,profile_fields_present,610
BOC,common_stock,profile_fields_present,610
BOCN,spac_or_blank_check,name_contains:ACQUISITION CORP,312
BODI,common_stock,profile_fields_present,624
BOED,etf,is_etf=True,248
BOF,common_stock,profile_fields_present,623
BOH,common_stock,profile_fields_present,622
BOKFL,non_common_series,symbol_suffix:fifth_char_L+inactive,252
BOOM,common_stock,profile_fields_present,610
BOOT,common_stock,profile_fields_present,107
BORR,common_stock,profile_fields_present,634
BOSC,common_stock,profile_fields_present,509
BOT,closed_end_fund,raw_description:CLOSED_END_SUBJECT_POSITION,19
BOTJ,common_stock,profile_fields_present,652
BOW,common_stock,profile_fields_present,632
BOWL,common_stock,profile_fields_present,255
BOWN,spac_or_blank_check,name_contains:ACQUISITION CORP,566
BOWX,spac_or_blank_check,name_contains:ACQUISITION CORP,329
BOX,common_stock,profile_fields_present,626
BPMC,common_stock,profile_fields_present,413
BPRN,common_stock,profile_fields_present,619
BPT,mutual_fund,raw_flag:isFund,374
BPTS,adr,raw_flag:isAdr,80
BRAC,spac_or_blank_check,name_contains:ACQUISITION CORP,340
BRACR,spac_or_blank_check,name_contains:ACQUISITION CORP,265
BRAI,common_stock,profile_fields_present,79
BRBI,common_stock,profile_fields_present,179
BRBR,common_stock,profile_fields_present,643
BRBS,common_stock,profile_fields_present,629
BRC,common_stock,profile_fields_present,658
BRCB,common_stock,profile_fields_present,184
BRDG,common_stock,profile_fields_present,425
BREA,common_stock,profile_fields_present,439
BREZ,spac_or_blank_check,name_contains:ACQUISITION CORP,102
BREZR,spac_or_blank_check,name_contains:ACQUISITION CORP,111
BRFH,common_stock,profile_fields_present,620
BRFS,adr,raw_flag:isAdr,461
BRID,common_stock,profile_fields_present,613
BRIF,etf,is_etf=True,321
BRKL,common_stock,profile_fields_present,425
BROG,common_stock,profile_fields_present,371
BRSH,common_stock,profile_fields_present,123
BRSL,common_stock,profile_fields_present,234
BRSP,common_stock,profile_fields_present,610
BRT,common_stock,profile_fields_present,614
BRUN,common_stock,profile_fields_present,26
BRZE,common_stock,profile_fields_present,614
BSBK,common_stock,profile_fields_present,623
BSCO,etf,is_etf=True,311
BSET,common_stock,profile_fields_present,619
BSGM,common_stock,profile_fields_present,112
BSIG,common_stock,profile_fields_present,293
BSII,spac_or_blank_check,industry_description:SHELL_COMPANIES+BUSINESS_COMBINATION,372
BSJO,etf,is_etf=True,248
BSM,common_stock,profile_fields_present,611
BSRR,common_stock,profile_fields_present,640
BSVN,common_stock,profile_fields_present,634
BTA,mutual_fund,raw_flag:isFund,544
BTCM,adr,raw_flag:isAdr,453
BTDR,common_stock,profile_fields_present,620
BTE,common_stock,profile_fields_present,654
BTEC,etf,is_etf=True,151
BTFX,etf,is_etf=True,489
BTGO,common_stock,profile_fields_present,95
BTM,common_stock,profile_fields_present,614
BTMD,common_stock,profile_fields_present,614
BTOP,etf,is_etf=True,620
BTQ,common_stock,profile_fields_present,174
BTTR,common_stock,profile_fields_present,330
BTU,common_stock,profile_fields_present,623
BUDA,common_stock,profile_fields_present,612
BUJA,spac_or_blank_check,industry_description:SHELL_COMPANIES+BUSINESS_COMBINATION,426
BULL,common_stock,profile_fields_present,289
BULLZ,warrant,name_contains:WARRANT,54
BUR,common_stock,profile_fields_present,612
BUSE,common_stock,profile_fields_present,629
BUUU,common_stock,profile_fields_present,215
BV,common_stock,profile_fields_present,652
BVC,common_stock,profile_fields_present,611
BVFL,common_stock,profile_fields_present,651
BVH,common_stock,profile_fields_present,9
BVS,common_stock,profile_fields_present,653
BW,common_stock,profile_fields_present,650
BWAQ,spac_or_blank_check,name_contains:ACQUISITION CORPORATION,150
BWAQR,spac_or_blank_check,name_contains:ACQUISITION CORPORATION,133
BWB,common_stock,profile_fields_present,642
BWEB,etf,is_etf=True,650
BWEN,common_stock,profile_fields_present,621
BWFG,common_stock,profile_fields_present,664
BWIN,common_stock,profile_fields_present,627
BWLP,common_stock,profile_fields_present,635
BWMN,common_stock,profile_fields_present,631
BWMX,common_stock,profile_fields_present,627
BWNB,common_stock,profile_fields_present,645
BWSN,common_stock,profile_fields_present,503
BXC,common_stock,profile_fields_present,620
BXMT,common_stock,profile_fields_present,616
BXMX,mutual_fund,raw_flag:isFund,597
BY,common_stock,profile_fields_present,635
BYFC,common_stock,profile_fields_present,618
BYM,mutual_fund,raw_flag:isFund,534
BYRN,common_stock,profile_fields_present,643
BZH,common_stock,profile_fields_present,618
CAAP,common_stock,profile_fields_present,654
CAAS,common_stock,profile_fields_present,611
CABA,common_stock,profile_fields_present,614
CABO,common_stock,profile_fields_present,610
CAC,common_stock,profile_fields_present,628
CACG,etf,is_etf=True,137
CACO,common_stock,profile_fields_present,188
CADE,common_stock,profile_fields_present,546
CADL,common_stock,profile_fields_present,628
CAI,common_stock,profile_fields_present,243
CAKE,common_stock,profile_fields_present,647
CAL,common_stock,profile_fields_present,628
CALB,common_stock,profile_fields_present,145
CALM,common_stock,profile_fields_present,658
CALT,adr,raw_flag:isAdr,187
CALX,common_stock,profile_fields_present,646
CALY,common_stock,profile_fields_present,627
CAMP,common_stock,profile_fields_present,414
CANO,common_stock,profile_fields_present,23
CAPL,common_stock,profile_fields_present,622
CAPR,common_stock,profile_fields_present,627
CAPT,common_stock,profile_fields_present,569
CARA,common_stock,profile_fields_present,324
CARE,common_stock,profile_fields_present,661
CARG,common_stock,profile_fields_present,646
CARS,common_stock,profile_fields_present,610
CASH,common_stock,profile_fields_present,651
CASI,common_stock,profile_fields_present,553
CASK,common_stock,profile_fields_present,206
CASS,common_stock,profile_fields_present,617
CATC,common_stock,profile_fields_present,135
CATO,common_stock,profile_fields_present,610
CATX,common_stock,profile_fields_present,640
CATY,common_stock,profile_fields_present,637
CBAN,common_stock,profile_fields_present,642
CBAY,common_stock,profile_fields_present,67
CBCO,common_stock,profile_fields_present,67
CBD,adr,raw_flag:isAdr,75
CBFV,common_stock,profile_fields_present,641
CBH,mutual_fund,raw_flag:isFund,198
CBIO,common_stock,profile_fields_present,610
CBK,common_stock,profile_fields_present,187
CBL,common_stock,profile_fields_present,671
CBLL,common_stock,profile_fields_present,414
CBNA,common_stock,profile_fields_present,442
CBNK,common_stock,profile_fields_present,636
CBRL,common_stock,profile_fields_present,613
CBT,common_stock,profile_fields_present,647
CBU,common_stock,profile_fields_present,621
CBZ,common_stock,profile_fields_present,641
CC,common_stock,profile_fields_present,627
CCB,common_stock,profile_fields_present,665
CCBG,common_stock,profile_fields_present,641
CCC,common_stock,profile_fields_present,612
CCCC,common_stock,profile_fields_present,626
CCCM,common_stock,profile_fields_present,51
CCCS,common_stock,profile_fields_present,463
CCEC,common_stock,profile_fields_present,643
CCIR,spac_or_blank_check,name_contains:ACQUISITION CORP,188
CCIX,common_stock,profile_fields_present,655
CCLD,common_stock,profile_fields_present,616
CCLDO,preferred,symbol_suffix:fifth_char_O+inactive,647
CCMG,etf,name_contains:ETF,472
CCNE,common_stock,profile_fields_present,637
CCO,common_stock,profile_fields_present,638
CCOI,common_stock,profile_fields_present,621
CCRD,common_stock,profile_fields_present,484
CCRN,common_stock,profile_fields_present,610
CCRV,etf,is_etf=True,409
CCS,common_stock,profile_fields_present,623
CCSI,common_stock,profile_fields_present,621
CCTS,spac_or_blank_check,name_contains:ACQUISITION CORP,215
CCXI,common_stock,profile_fields_present,86
CDAY,common_stock,profile_fields_present,21
CDMO,common_stock,profile_fields_present,283
CDNA,common_stock,profile_fields_present,637
CDNL,common_stock,profile_fields_present,140
CDP,common_stock,profile_fields_present,648
CDRE,common_stock,profile_fields_present,636
CDRO,common_stock,profile_fields_present,643
CDTX,common_stock,profile_fields_present,548
CDXC,common_stock,profile_fields_present,344
CDXS,common_stock,profile_fields_present,616
CDZI,common_stock,profile_fields_present,625
CECO,common_stock,profile_fields_present,676
CEIX,common_stock,profile_fields_present,285
CELC,common_stock,profile_fields_present,653
CEM,mutual_fund,raw_flag:isFund,203
CENT,common_stock,profile_fields_present,613
CEP,spac_or_blank_check,industry_description:SHELL_COMPANIES+BUSINESS_COMBINATION,512
CEPS,common_stock,profile_fields_present,1
CERE,common_stock,profile_fields_present,154
CERS,common_stock,profile_fields_present,621
CERT,common_stock,profile_fields_present,610
CET,closed_end_fund,manual_override:known_cef,691
CETU,spac_or_blank_check,name_contains:ACQUISITION CORP,146
CEVA,common_stock,profile_fields_present,642
CFB,common_stock,profile_fields_present,303
CFBK,common_stock,profile_fields_present,635
CFFI,common_stock,profile_fields_present,620
CFFN,common_stock,profile_fields_present,630
CFFS,spac_or_blank_check,name_contains:ACQUISITION CORP,319
CFLT,common_stock,profile_fields_present,557
CFSB,common_stock,profile_fields_present,504
CGA,common_stock,profile_fields_present,227
CGAU,common_stock,profile_fields_present,664
CGBDL,exchange_traded_debt,name_contains:NOTES,487
CGBS,common_stock,profile_fields_present,256
CGEM,common_stock,profile_fields_present,636
CGEN,common_stock,profile_fields_present,604
CGNT,common_stock,profile_fields_present,642
CGON,common_stock,profile_fields_present,615
CHAA,spac_or_blank_check,industry_description:SHELL_COMPANIES+BUSINESS_COMBINATION,165
CHAC,spac_or_blank_check,name_contains:ACQUISITION CORP,236
CHACR,spac_or_blank_check,name_contains:ACQUISITION CORP,127
CHB,etf,is_etf=True,32
CHCI,common_stock,profile_fields_present,652
CHCO,common_stock,profile_fields_present,615
CHCT,common_stock,profile_fields_present,610
CHEA,spac_or_blank_check,name_contains:ACQUISITION CO,39
CHEB,spac_or_blank_check,industry_description:SHELL_COMPANIES+BUSINESS_COMBINATION,115
CHEF,common_stock,profile_fields_present,672
CHEK,common_stock,profile_fields_present,483
CHH,common_stock,profile_fields_present,625
CHIC,etf,is_etf=True,32
CHIH,etf,is_etf=True,32
CHIX,etf,is_etf=True,32
CHKEZ,non_common_series,symbol_suffix:fifth_char_Z+inactive,191
CHMG,common_stock,profile_fields_present,639
CHMI,common_stock,profile_fields_present,610
CHN,mutual_fund,raw_flag:isFund,502
CHPT,common_stock,profile_fields_present,610
CHR,common_stock,profile_fields_present,107
CHRN,common_stock,profile_fields_present,23
CHRO,common_stock,profile_fields_present,344
CHS,common_stock,profile_fields_present,4
CHSCL,common_stock,profile_fields_present,610
CHUY,common_stock,profile_fields_present,195
CHX,common_stock,profile_fields_present,387
CIA,common_stock,profile_fields_present,626
CID,etf,is_etf=True,222
CIGI,common_stock,profile_fields_present,647
CIGL,common_stock,profile_fields_present,243
CIM,common_stock,profile_fields_present,610
CIMN,common_stock,profile_fields_present,519
CINT,common_stock,profile_fields_present,619
CIO,common_stock,profile_fields_present,521
CITE,spac_or_blank_check,name_contains:ACQUISITION CORP,636
CITR,common_stock,profile_fields_present,129
CIVB,common_stock,profile_fields_present,629
CIVI,common_stock,profile_fields_present,522
CIX,common_stock,profile_fields_present,616
CIZ,etf,is_etf=True,213
CJET,common_stock,profile_fields_present,488
CKPT,common_stock,profile_fields_present,363
CLAR,common_stock,profile_fields_present,610
CLB,common_stock,profile_fields_present,611
CLBK,common_stock,profile_fields_present,628
CLBR,spac_or_blank_check,name_contains:ACQUISITION CORP,415
CLBT,common_stock,profile_fields_present,658
CLCO,common_stock,profile_fields_present,509
CLDL,etf,is_etf=True,408
CLDT,common_stock,profile_fields_present,633
CLDX,common_stock,profile_fields_present,624
CLEU,common_stock,profile_fields_present,356
CLFD,common_stock,profile_fields_present,617
CLMB,common_stock,profile_fields_present,644
CLMT,common_stock,profile_fields_present,652
CLNN,common_stock,profile_fields_present,614
CLNR,etf,is_etf=True,327
CLOV,common_stock,profile_fields_present,635
CLPR,common_stock,profile_fields_present,620
CLPT,common_stock,profile_fields_present,634
CLRCR,right,symbol_suffix:fifth_char_R+inactive,539
CLSA,etf,is_etf=True,3
CLSC,etf,is_etf=True,3
CLSD,common_stock,profile_fields_present,484
CLSK,common_stock,profile_fields_present,622
CLST,common_stock,profile_fields_present,668
CLVT,common_stock,profile_fields_present,610
CLW,common_stock,profile_fields_present,634
CLYM,common_stock,profile_fields_present,634
CMA,common_stock,profile_fields_present,552
CMAX,common_stock,profile_fields_present,529
CMBM,common_stock,profile_fields_present,563
CMCA,spac_or_blank_check,name_contains:ACQUISITION CORP,381
CMCL,common_stock,profile_fields_present,653
CMCO,common_stock,profile_fields_present,616
CMCSV,common_stock,profile_fields_present,12
CMDB,common_stock,profile_fields_present,284
CMP,common_stock,profile_fields_present,643
CMPO,common_stock,profile_fields_present,583
CMPOV,common_stock,profile_fields_present,244
CMPR,common_stock,profile_fields_present,631
CMPX,common_stock,profile_fields_present,618
CMRC,common_stock,profile_fields_present,610
CMRE,common_stock,profile_fields_present,672
CMRX,common_stock,profile_fields_present,369
CMT,common_stock,profile_fields_present,629
CMTG,common_stock,profile_fields_present,610
CMTL,common_stock,profile_fields_present,618
CMTV,common_stock,profile_fields_present,703
CN,etf,is_etf=True,49
CNDB,spac_or_blank_check,name_contains:ACQUISITION CORP,59
CNFR,common_stock,profile_fields_present,441
CNHI,common_stock,profile_fields_present,96
CNK,common_stock,profile_fields_present,645
CNL,common_stock,profile_fields_present,674
CNMD,common_stock,profile_fields_present,610
CNNE,common_stock,profile_fields_present,613
CNO,common_stock,profile_fields_present,664
CNOB,common_stock,profile_fields_present,638
CNR,common_stock,profile_fields_present,624
CNS,common_stock,profile_fields_present,628
CNSL,common_stock,profile_fields_present,276
CNTN,common_stock,profile_fields_present,553
CNVS,common_stock,profile_fields_present,631
CNX,common_stock,profile_fields_present,658
CNXC,common_stock,profile_fields_present,610
CNXN,common_stock,profile_fields_present,622
CNXU,common_stock,profile_fields_present,11
COAG,common_stock,profile_fields_present,25
COCO,common_stock,profile_fields_present,656
CODA,common_stock,profile_fields_present,631
CODI,common_stock,profile_fields_present,616
COFS,common_stock,profile_fields_present,623
COHU,common_stock,profile_fields_present,637
COLD,common_stock,profile_fields_present,610
COLL,common_stock,profile_fields_present,642
COLM,common_stock,profile_fields_present,626
COMM,common_stock,profile_fields_present,558
COMP,common_stock,profile_fields_present,645
CON,common_stock,profile_fields_present,617
COOK,common_stock,profile_fields_present,610
COOL,spac_or_blank_check,name_contains:ACQUISITION CORP,123
COOP,common_stock,profile_fields_present,509
COSO,common_stock,profile_fields_present,289
COTY,common_stock,profile_fields_present,485
COUR,common_stock,profile_fields_present,614
COYA,common_stock,profile_fields_present,622
CPBI,common_stock,profile_fields_present,693
CPE,common_stock,profile_fields_present,60
CPF,common_stock,profile_fields_present,669
CPG,common_stock,profile_fields_present,100
CPHC,common_stock,profile_fields_present,611
CPIX,common_stock,profile_fields_present,622
CPK,common_stock,profile_fields_present,635
CPRI,common_stock,profile_fields_present,612
CPRX,common_stock,profile_fields_present,645
CPS,common_stock,profile_fields_present,630
CPSH,common_stock,profile_fields_present,634
CPSS,common_stock,profile_fields_present,621
CPTK,common_stock,profile_fields_present,44
CPTN,common_stock,profile_fields_present,254
CRAI,common_stock,profile_fields_present,653
CRBP,common_stock,profile_fields_present,628
CRCT,common_stock,profile_fields_present,612
CREX,common_stock,profile_fields_present,621
CRGX,common_stock,profile_fields_present,414
CRGY,common_stock,profile_fields_present,634
CRI,common_stock,profile_fields_present,621
CRIT,etf,is_etf=True,307
CRK,common_stock,profile_fields_present,640
CRMD,common_stock,profile_fields_present,640
CRML,common_stock,profile_fields_present,616
CRMT,common_stock,profile_fields_present,589
CRNC,common_stock,profile_fields_present,610
CRNT,common_stock,profile_fields_present,634
CRNX,common_stock,profile_fields_present,636
CRON,common_stock,profile_fields_present,621
CRSP,common_stock,profile_fields_present,621
CRSR,common_stock,profile_fields_present,613
CRUZ,etf,is_etf=True,362
CRVL,common_stock,profile_fields_present,637
CRVS,common_stock,profile_fields_present,642
CRWS,common_stock,profile_fields_present,504
CSBR,common_stock,profile_fields_present,622
CSGS,common_stock,profile_fields_present,630
CSHR,common_stock,profile_fields_present,46
CSIQ,common_stock,profile_fields_present,619
CSLMR,spac_or_blank_check,name_contains:ACQUISITION CORP,282
CSLR,common_stock,profile_fields_present,328
CSML,etf,is_etf=True,79
CSPI,common_stock,profile_fields_present,618
CSR,common_stock,profile_fields_present,629
CSSE,common_stock,profile_fields_present,262
CSSEN,preferred,symbol_suffix:fifth_char_N+inactive,529
CSSEP,preferred,symbol_suffix:fifth_char_P,262
CSTA,spac_or_blank_check,name_contains:ACQUISITION CORP,7
CSTL,common_stock,profile_fields_present,634
CSTM,common_stock,profile_fields_present,665
CSV,common_stock,profile_fields_present,651
CSW,common_stock,profile_fields_present,667
CSWCZ,business_development_company,raw_description:BUSINESS_DEVELOPMENT_COMPANY,449
CSWI,common_stock,profile_fields_present,417
CTBB,common_stock,profile_fields_present,642
CTBI,common_stock,profile_fields_present,636
CTCX,common_stock,profile_fields_present,297
CTEV,common_stock,profile_fields_present,634
CTGO,common_stock,profile_fields_present,627
CTKB,common_stock,profile_fields_present,610
CTLT,common_stock,profile_fields_present,254
CTMX,common_stock,profile_fields_present,639
CTNM,common_stock,profile_fields_present,554
CTO,common_stock,profile_fields_present,630
CTOS,common_stock,profile_fields_present,642
CTR,mutual_fund,raw_flag:isFund,204
CTRA,common_stock,profile_fields_present,608
CTRI,common_stock,profile_fields_present,568
CTRN,common_stock,profile_fields_present,637
CTS,common_stock,profile_fields_present,640
CTV,common_stock,profile_fields_present,295
CTW,common_stock,profile_fields_present,213
CUBA,mutual_fund,raw_flag:isFund,379
CUBB,common_stock,profile_fields_present,626
CUBI,common_stock,profile_fields_present,629
CUE,common_stock,profile_fields_present,613
CUK,adr,raw_flag:isAdr,628
CULP,common_stock,profile_fields_present,616
CURB,common_stock,profile_fields_present,445
CURI,common_stock,profile_fields_present,649
CURO,common_stock,profile_fields_present,47
CURR,common_stock,profile_fields_present,446
CUZ,common_stock,profile_fields_present,635
CVAC,common_stock,profile_fields_present,506
CVBF,common_stock,profile_fields_present,616
CVCO,common_stock,profile_fields_present,657
CVCY,common_stock,profile_fields_present,61
CVEO,common_stock,profile_fields_present,649
CVGI,common_stock,profile_fields_present,626
CVGW,common_stock,profile_fields_present,604
CVI,common_stock,profile_fields_present,628
CVII,spac_or_blank_check,industry_description:SHELL_COMPANIES+BUSINESS_COMBINATION,165
CVLG,common_stock,profile_fields_present,645
CVLY,common_stock,profile_fields_present,123
CVRX,common_stock,profile_fields_present,610
CVSA,common_stock,profile_fields_present,71
CVSE,etf,is_etf=True,521
CVU,common_stock,profile_fields_present,635
CVV,common_stock,profile_fields_present,621
CWBC,common_stock,profile_fields_present,623
CWCO,common_stock,profile_fields_present,636
CWH,common_stock,profile_fields_present,610
CWK,common_stock,profile_fields_present,634
CWT,common_stock,profile_fields_present,613
CXDO,common_stock,profile_fields_present,632
CXM,common_stock,profile_fields_present,610
CXT,common_stock,profile_fields_present,618
CXW,common_stock,profile_fields_present,624
CYA,etf,is_etf=True,45
CYBN,common_stock,profile_fields_present,504
CYBR,common_stock,profile_fields_present,602
CYCC,common_stock,profile_fields_present,235
CYCCP,preferred,symbol_suffix:fifth_char_P,240
CYD,common_stock,profile_fields_present,663
CYH,common_stock,profile_fields_present,624
CYRX,common_stock,profile_fields_present,625
CYTH,common_stock,profile_fields_present,310
CYTO,common_stock,profile_fields_present,245
CYXT,common_stock,profile_fields_present,262
CZFS,common_stock,profile_fields_present,617
CZNC,common_stock,profile_fields_present,617
CZOO,common_stock,profile_fields_present,97
CZWI,common_stock,profile_fields_present,670
DAC,common_stock,profile_fields_present,671
DADA,adr,raw_flag:isAdr,252
DAIO,common_stock,profile_fields_present,623
DAKT,common_stock,profile_fields_present,635
DALN,common_stock,profile_fields_present,454
DAN,common_stock,profile_fields_present,678
DATS,common_stock,profile_fields_present,404
DAVE,common_stock,profile_fields_present,669
DAY,common_stock,profile_fields_present,531
DBD,common_stock,profile_fields_present,692
DBI,common_stock,profile_fields_present,615
DBRG,common_stock,profile_fields_present,651
DC,common_stock,profile_fields_present,644
DCBO,common_stock,profile_fields_present,613
DCF,mutual_fund,raw_flag:isFund,283
DCH,common_stock,profile_fields_present,616
DCO,common_stock,profile_fields_present,697
DCOM,common_stock,profile_fields_present,638
DCOMP,preferred,symbol_suffix:fifth_char_P,579
DCPH,common_stock,profile_fields_present,134
DCTH,common_stock,profile_fields_present,639
DDD,common_stock,profile_fields_present,611
DEA,common_stock,profile_fields_present,614
DEC,common_stock,profile_fields_present,616
DECA,spac_or_blank_check,name_contains:ACQUISITION CORP,551
DEI,common_stock,profile_fields_present,636
DENN,common_stock,profile_fields_present,514
DERM,common_stock,profile_fields_present,624
DESP,common_stock,profile_fields_present,370
DFDV,common_stock,profile_fields_present,624
DFH,common_stock,profile_fields_present,617
DFIN,common_stock,profile_fields_present,623
DFS,common_stock,profile_fields_present,375
DFTX,common_stock,profile_fields_present,655
DGHI,common_stock,profile_fields_present,327
DGICA,common_stock,profile_fields_present,638
DGII,common_stock,profile_fields_present,656
DGLY,common_stock,profile_fields_present,256
DGXX,common_stock,profile_fields_present,626
DHAC,spac_or_blank_check,name_contains:ACQUISITION CORP,308
DHC,common_stock,profile_fields_present,652
DHCA,spac_or_blank_check,name_contains:ACQUISITION CORP,53
DHT,common_stock,profile_fields_present,655
DHX,common_stock,profile_fields_present,621
DIAX,mutual_fund,raw_flag:isFund,590
DIBS,common_stock,profile_fields_present,626
DIN,common_stock,profile_fields_present,616
DIOD,common_stock,profile_fields_present,634
DIP,etf,is_etf=True,127
DIST,spac_or_blank_check,name_contains:ACQUISITION CORPORATION,426
DIT,common_stock,profile_fields_present,620
DJCB,etf,is_etf=True,242
DJCO,common_stock,profile_fields_present,635
DJT,common_stock,profile_fields_present,610
DK,common_stock,profile_fields_present,647
DKL,common_stock,profile_fields_present,627
DLHC,common_stock,profile_fields_present,615
DLNG,common_stock,profile_fields_present,633
DLO,common_stock,profile_fields_present,614
DLTH,common_stock,profile_fields_present,612
DLX,common_stock,profile_fields_present,636
DM,common_stock,profile_fields_present,315
DMAC,common_stock,profile_fields_present,636
DMAQ,spac_or_blank_check,name_contains:ACQUISITION CORP,20
DMAQR,spac_or_blank_check,name_contains:ACQUISITION CORP,20
DMCY,etf,is_etf=True,605
DMF,closed_end_fund,raw_description:CLOSED_END_MUTUAL_FUND,404
DMLP,common_stock,profile_fields_present,621
DMN,common_stock,profile_fields_present,348
DMRA,common_stock,profile_fields_present,62
DMRC,common_stock,profile_fields_present,620
DMTK,common_stock,profile_fields_present,122
DNA,common_stock,profile_fields_present,610
DNB,common_stock,profile_fields_present,419
DNLI,common_stock,profile_fields_present,619
DNMX,common_stock,profile_fields_present,163
DNN,common_stock,profile_fields_present,650
DNOW,common_stock,profile_fields_present,623
DNTH,common_stock,profile_fields_present,656
DNUT,common_stock,profile_fields_present,611
DO,common_stock,profile_fields_present,168
DOCS,common_stock,profile_fields_present,638
DOLE,common_stock,profile_fields_present,638
DOMA,common_stock,profile_fields_present,188
DOMH,common_stock,profile_fields_present,614
DOMO,common_stock,profile_fields_present,628
DOO,common_stock,profile_fields_present,610
DOOO,common_stock,profile_fields_present,488
DOOR,common_stock,profile_fields_present,111
DORM,common_stock,profile_fields_present,644
DPCS,spac_or_blank_check,name_contains:ACQUISITION CORP,293
DPRO,common_stock,profile_fields_present,619
DPSI,common_stock,profile_fields_present,143
DRH,common_stock,profile_fields_present,635
DRIO,common_stock,profile_fields_present,610
DRQ,common_stock,profile_fields_present,171
DRRX,common_stock,profile_fields_present,436
DRTS,common_stock,profile_fields_present,637
DRUG,common_stock,profile_fields_present,635
DRVN,common_stock,profile_fields_present,627
DSGN,common_stock,profile_fields_present,645
DSGR,common_stock,profile_fields_present,628
DSKE,common_stock,profile_fields_present,70
DSP,common_stock,profile_fields_present,648
DSWL,common_stock,profile_fields_present,620
DSX,common_stock,profile_fields_present,627
DTB,common_stock,profile_fields_present,612
DTC,common_stock,profile_fields_present,391
DTCX,common_stock,profile_fields_present,610
DTG,common_stock,profile_fields_present,613
DTI,common_stock,profile_fields_present,616
DTIL,common_stock,profile_fields_present,610
DTW,common_stock,profile_fields_present,616
DUET,spac_or_blank_check,name_contains:ACQUISITION CORP,265
DUOT,common_stock,profile_fields_present,634
DV,common_stock,profile_fields_present,613
DVAX,common_stock,profile_fields_present,544
DVS,common_stock,profile_fields_present,575
DWAC,spac_or_blank_check,name_contains:ACQUISITION CORP,63
DWAT,etf,is_etf=True,411
DWL,common_stock,profile_fields_present,394
DWSN,common_stock,profile_fields_present,622
DX,common_stock,profile_fields_present,626
DXC,common_stock,profile_fields_present,610
DXJS,etf,is_etf=True,418
DXPE,common_stock,profile_fields_present,679
DXR,common_stock,profile_fields_present,625
DXYZ,closed_end_fund,raw_description:CLOSED_END_SUBJECT_POSITION,554
DYCQR,spac_or_blank_check,name_contains:ACQUISITION CORPORATION,406
DYN,common_stock,profile_fields_present,636
DYNI,etf,is_etf=True,380
DYOR,common_stock,profile_fields_present,163
EAC,spac_or_blank_check,name_contains:ACQUISITION CORP,58
EAF,common_stock,profile_fields_present,610
EAI,common_stock,profile_fields_present,613
EAR,common_stock,profile_fields_present,31
EARN,common_stock,profile_fields_present,610
EAST,common_stock,profile_fields_present,299
EB,common_stock,profile_fields_present,563
EBC,common_stock,profile_fields_present,634
EBF,common_stock,profile_fields_present,624
EBLU,mutual_fund,name_contains:FUND,336
EBMT,common_stock,profile_fields_present,648
EBR,adr,raw_flag:isAdr,542
EBS,common_stock,profile_fields_present,626
EBTC,common_stock,profile_fields_present,381
ECBK,common_stock,profile_fields_present,641
ECC,closed_end_fund,raw_description:CLOSED_END_SUBJECT_POSITION,610
ECCC,closed_end_fund,raw_description:CLOSED_END_SUBJECT_POSITION,636
ECCF,closed_end_fund,raw_description:CLOSED_END_SUBJECT_POSITION,513
ECCU,common_stock,profile_fields_present,377
ECCW,adr,raw_flag:isAdr,620
ECCX,exchange_traded_debt,name_contains:NT,602
ECLN,etf,is_etf=True,483
ECOR,common_stock,profile_fields_present,638
ECPG,common_stock,profile_fields_present,640
ECVT,common_stock,profile_fields_present,645
EDAP,adr,raw_flag:isAdr,618
EDIT,common_stock,profile_fields_present,614
EDR,common_stock,profile_fields_present,365
EDRY,common_stock,profile_fields_present,638
EDSA,common_stock,profile_fields_present,619
EE,common_stock,profile_fields_present,658
EEFT,common_stock,profile_fields_present,611
EEX,common_stock,profile_fields_present,617
EFC,common_stock,profile_fields_present,611
EFIX,etf,is_etf=True,330
EFOR,common_stock,profile_fields_present,621
EFSC,common_stock,profile_fields_present,621
EFSH,common_stock,profile_fields_present,315
EFSI,common_stock,profile_fields_present,637
EGAN,common_stock,profile_fields_present,623
EGBN,common_stock,profile_fields_present,613
EGF,mutual_fund,raw_flag:isFund,311
EGG,common_stock,profile_fields_present,248
EGPT,etf,is_etf=True,62
EGY,common_stock,profile_fields_present,641
EHAB,common_stock,profile_fields_present,618
EHLDV,common_stock,profile_fields_present,6
EIC,closed_end_fund,manual_override:known_cef,619
EICA,closed_end_fund,manual_override:known_cef,652
EICB,closed_end_fund,manual_override:known_cef,501
EICC,closed_end_fund,manual_override:known_cef,513
EIG,common_stock,profile_fields_present,623
ELA,common_stock,profile_fields_present,668
ELDN,common_stock,profile_fields_present,622
ELE,common_stock,profile_fields_present,614
ELEV,common_stock,profile_fields_present,394
ELF,common_stock,profile_fields_present,629
ELIQ,common_stock,profile_fields_present,9
ELIS,etf,is_etf=True,263
ELLA,common_stock,profile_fields_present,551
ELLO,common_stock,profile_fields_present,632
ELMD,common_stock,profile_fields_present,661
ELME,common_stock,profile_fields_present,627
ELMT,common_stock,profile_fields_present,31
ELON,etf,is_etf=True,174
ELP,adr,raw_flag:isAdr,534
ELQD,etf,is_etf=True,419
ELTK,common_stock,profile_fields_present,619
ELTX,common_stock,profile_fields_present,625
ELVA,common_stock,profile_fields_present,652
ELVN,common_stock,profile_fields_present,639
ELWS,adr,raw_flag:isAdr,516
ELWT,common_stock,profile_fields_present,150
EMBC,common_stock,profile_fields_present,614
EMCC,etf,is_etf=True,286
EMCG,spac_or_blank_check,name_contains:ACQUISITION CORP,700
EMES,etf,is_etf=True,190
EMFQ,etf,is_etf=True,170
EML,common_stock,profile_fields_present,619
EMLD,spac_or_blank_check,name_contains:ACQUISITION CORP,311
EMP,common_stock,profile_fields_present,614
EMPD,common_stock,profile_fields_present,610
EMX,common_stock,profile_fields_present,521
ENCP,spac_or_blank_check,industry_description:SHELL_COMPANIES+BUSINESS_COMBINATION,66
ENFN,common_stock,profile_fields_present,340
ENG,common_stock,profile_fields_present,235
ENHA,common_stock,profile_fields_present,20
ENLC,common_stock,profile_fields_present,298
ENOV,common_stock,profile_fields_present,610
ENR,common_stock,profile_fields_present,617
ENTA,common_stock,profile_fields_present,615
ENTR,etf,is_etf=True,185
ENV,common_stock,profile_fields_present,234
ENVA,common_stock,profile_fields_present,681
ENVX,common_stock,profile_fields_present,610
ENX,mutual_fund,raw_flag:isFund,464
ENZ,common_stock,profile_fields_present,327
EOLS,common_stock,profile_fields_present,626
EOSE,common_stock,profile_fields_present,653
EP,common_stock,profile_fields_present,610
EPAC,common_stock,profile_fields_present,646
EPAM,common_stock,profile_fields_present,483
EPC,common_stock,profile_fields_present,610
EPIX,common_stock,profile_fields_present,452
EPM,common_stock,profile_fields_present,610
EPR,common_stock,profile_fields_present,635
EPSN,common_stock,profile_fields_present,637
EPWK,common_stock,profile_fields_present,255
EQ,common_stock,profile_fields_present,632
EQBK,common_stock,profile_fields_present,630
EQC,common_stock,profile_fields_present,344
EQLS,etf,is_etf=True,351
EQUL,etf,is_etf=True,264
EQV,spac_or_blank_check,name_contains:ACQUISITION CORP,293
ERAS,common_stock,profile_fields_present,659
ERF,common_stock,profile_fields_present,121
ERII,common_stock,profile_fields_present,612
ERJ,adr,raw_flag:isAdr,508
ERNZ,etf,is_etf=True,476
ERO,common_stock,profile_fields_present,633
EROK,common_stock,profile_fields_present,16
ERSX,etf,is_etf=True,36
ESAC,spac_or_blank_check,name_contains:ACQUISITION CORPORATION,66
ESBA,common_stock,profile_fields_present,621
ESCA,common_stock,profile_fields_present,618
ESEA,common_stock,profile_fields_present,661
ESGL,common_stock,profile_fields_present,572
ESGR,common_stock,profile_fields_present,391
ESGRO,preferred,symbol_suffix:fifth_char_O+inactive,529
ESGRP,preferred,symbol_suffix:fifth_char_P,535
ESMT,common_stock,profile_fields_present,25
ESOA,common_stock,profile_fields_present,655
ESP,common_stock,profile_fields_present,660
ESPR,common_stock,profile_fields_present,618
ESQ,common_stock,profile_fields_present,674
ESRT,common_stock,profile_fields_present,621
ESSA,common_stock,profile_fields_present,399
ESTA,common_stock,profile_fields_present,632
ETAO,common_stock,profile_fields_present,89
ETD,common_stock,profile_fields_present,610
ETHI,etf,is_etf=True,88
ETHZ,common_stock,profile_fields_present,545
ETNB,common_stock,profile_fields_present,462
ETON,common_stock,profile_fields_present,664
ETOR,common_stock,profile_fields_present,267
ETRN,common_stock,profile_fields_present,165
ETWO,common_stock,profile_fields_present,398
EURN,common_stock,profile_fields_present,142
EUSC,etf,is_etf=True,414
EV,etf,is_etf=True,332
EVA,common_stock,profile_fields_present,191
EVAV,etf,is_etf=True,464
EVBG,common_stock,profile_fields_present,126
EVBN,common_stock,profile_fields_present,359
EVC,common_stock,profile_fields_present,632
EVCM,common_stock,profile_fields_present,620
EVE,spac_or_blank_check,name_contains:ACQUISITION CORP,261
EVER,common_stock,profile_fields_present,630
EVEX,common_stock,profile_fields_present,615
EVGO,common_stock,profile_fields_present,107
EVH,common_stock,profile_fields_present,610
EVI,common_stock,profile_fields_present,622
EVLV,common_stock,profile_fields_present,632
EVM,mutual_fund,raw_flag:isFund,474
EVMN,common_stock,profile_fields_present,147
EVOK,common_stock,profile_fields_present,508
EVRI,common_stock,profile_fields_present,446
EVTC,common_stock,profile_fields_present,614
EVTL,common_stock,profile_fields_present,611
EWTX,common_stock,profile_fields_present,642
EXAI,adr,raw_flag:isAdr,223
EXAS,common_stock,profile_fields_present,594
EXK,common_stock,profile_fields_present,642
EXLS,common_stock,profile_fields_present,652
EXOD,common_stock,profile_fields_present,634
EXOZ,common_stock,profile_fields_present,391
EXPI,common_stock,profile_fields_present,590
EXPO,common_stock,profile_fields_present,625
EXPR,common_stock,profile_fields_present,44
EXTO,adr,raw_flag:isAdr,276
EXTR,common_stock,profile_fields_present,627
EXYN,common_stock,profile_fields_present,17
EYE,common_stock,profile_fields_present,640
EYEN,common_stock,profile_fields_present,376
EYPT,common_stock,profile_fields_present,631
EZFL,common_stock,profile_fields_present,281
EZPW,common_stock,profile_fields_present,689
FA,common_stock,profile_fields_present,637
FAAS,common_stock,profile_fields_present,431
FAM,mutual_fund,raw_flag:isFund,184
FARO,common_stock,profile_fields_present,410
FATAV,common_stock,profile_fields_present,271
FATBB,common_stock,profile_fields_present,525
FATBP,preferred,symbol_suffix:fifth_char_P,525
FATBV,common_stock,profile_fields_present,271
FATH,common_stock,profile_fields_present,96
FATN,common_stock,profile_fields_present,292
FAZE,common_stock,profile_fields_present,45
FBGX,etf,is_etf=True,147
FBIN,common_stock,profile_fields_present,624
FBIO,common_stock,profile_fields_present,621
FBIZ,common_stock,profile_fields_present,638
FBK,common_stock,profile_fields_present,626
FBLA,common_stock,profile_fields_present,588
FBMS,common_stock,profile_fields_present,325
FBNC,common_stock,profile_fields_present,634
FBP,common_stock,profile_fields_present,647
FBRT,common_stock,profile_fields_present,610
FBRX,common_stock,profile_fields_present,621
FBYD,common_stock,profile_fields_present,616
FC,common_stock,profile_fields_present,612
FCAP,common_stock,profile_fields_present,633
FCBC,common_stock,profile_fields_present,626
FCCO,common_stock,profile_fields_present,648
FCEL,common_stock,profile_fields_present,619
FCF,common_stock,profile_fields_present,628
FCN,common_stock,profile_fields_present,614
FCO,mutual_fund,raw_flag:isFund,612
FCPT,common_stock,profile_fields_present,627
FDBC,common_stock,profile_fields_present,612
FDMT,common_stock,profile_fields_present,622
FDP,common_stock,profile_fields_present,636
FDSB,common_stock,profile_fields_present,506
FDWM,etf,is_etf=True,541
FEEM,etf,is_etf=True,77
FEI,mutual_fund,raw_flag:isFund,103
FEIM,common_stock,profile_fields_present,658
FELE,common_stock,profile_fields_present,620
FEN,mutual_fund,raw_flag:isFund,105
FENC,common_stock,profile_fields_present,627
FET,common_stock,profile_fields_present,670
FEXD,spac_or_blank_check,industry_description:SHELL_COMPANIES+BUSINESS_COMBINATION,184
FEXDR,right,symbol_suffix:fifth_char_R+inactive,158
FF,common_stock,profile_fields_present,612
FFBC,common_stock,profile_fields_present,627
FFIC,common_stock,profile_fields_present,615
FFIE,common_stock,profile_fields_present,297
FFIN,common_stock,profile_fields_present,620
FFNW,common_stock,profile_fields_present,345
FFWM,common_stock,profile_fields_present,503
FG,common_stock,profile_fields_present,615
FGB,mutual_fund,raw_flag:isFund,433
FGBI,common_stock,profile_fields_present,616
FGEN,common_stock,profile_fields_present,507
FGF,common_stock,profile_fields_present,40
FGFPP,preferred,symbol_suffix:fifth_char_P,40
FGH,common_stock,profile_fields_present,40
FGN,common_stock,profile_fields_present,619
FGNX,common_stock,profile_fields_present,611
FHB,common_stock,profile_fields_present,619
FHI,common_stock,profile_fields_present,667
FHLT,spac_or_blank_check,industry_description:SHELL_COMPANIES+BUSINESS_COMBINATION,104
FHTX,common_stock,profile_fields_present,618
FI,common_stock,profile_fields_present,545
FIBK,common_stock,profile_fields_present,626
FICV,spac_or_blank_check,industry_description:SHELL_COMPANIES+BUSINESS_COMBINATION,35
FIF,mutual_fund,raw_flag:isFund,101
FIGS,common_stock,profile_fields_present,643
FIHL,common_stock,profile_fields_present,622
FILL,etf,is_etf=True,468
FINE,etf,is_etf=True,427
FINW,common_stock,profile_fields_present,636
FIP,common_stock,profile_fields_present,641
FISI,common_stock,profile_fields_present,645
FISK,common_stock,profile_fields_present,615
FIVN,common_stock,profile_fields_present,610
FIZZ,common_stock,profile_fields_present,610
FJET,common_stock,profile_fields_present,116
FKWL,common_stock,profile_fields_present,635
FL,common_stock,profile_fields_present,422
FLDD,spac_or_blank_check,name_contains:ACQUISITION CORP,287
FLFV,spac_or_blank_check,name_contains:ACQUISITION CORPORATION,305
FLGC,common_stock,profile_fields_present,521
FLGT,common_stock,profile_fields_present,621
FLHK,etf,is_etf=True,380
FLIC,common_stock,profile_fields_present,357
FLL,common_stock,profile_fields_present,610
FLME,spac_or_blank_check,name_contains:ACQUISITION CORP,40
FLNC,common_stock,profile_fields_present,619
FLNG,common_stock,profile_fields_present,623
FLNT,common_stock,profile_fields_present,616
FLO,common_stock,profile_fields_present,610
FLOC,common_stock,profile_fields_present,357
FLWS,common_stock,profile_fields_present,610
FLXS,common_stock,profile_fields_present,643
FLYW,common_stock,profile_fields_present,612
FLYX,common_stock,profile_fields_present,614
FLYY,common_stock,profile_fields_present,86
FM,etf,is_etf=True,261
FMAO,common_stock,profile_fields_present,620
FMBH,common_stock,profile_fields_present,637
FMC,common_stock,profile_fields_present,610
FMNB,common_stock,profile_fields_present,613
FMTO,common_stock,profile_fields_present,368
FNA,common_stock,profile_fields_present,328
FNCB,common_stock,profile_fields_present,123
FND,common_stock,profile_fields_present,107
FNGA,etf,is_etf=True,344
FNGB,etf,is_etf=True,57
FNKO,common_stock,profile_fields_present,632
FNLC,common_stock,profile_fields_present,619
FNVT,spac_or_blank_check,name_contains:ACQUISITION CORP,614
FNWB,common_stock,profile_fields_present,612
FNWD,common_stock,profile_fields_present,635
FOA,common_stock,profile_fields_present,622
FOLD,common_stock,profile_fields_present,606
FONR,common_stock,profile_fields_present,638
FOR,common_stock,profile_fields_present,624
FORA,common_stock,profile_fields_present,597
FORD,common_stock,profile_fields_present,493
FORR,common_stock,profile_fields_present,610
FOSL,common_stock,profile_fields_present,632
FOSLL,exchange_traded_debt,name_contains:NOTES,489
FOUN,spac_or_blank_check,name_contains:SPAC,178
FOUR,common_stock,profile_fields_present,638
FOVL,etf,is_etf=True,450
FOXF,common_stock,profile_fields_present,610
FOXX,common_stock,profile_fields_present,676
FPAY,common_stock,profile_fields_present,505
FPH,common_stock,profile_fields_present,619
FPI,common_stock,profile_fields_present,615
FPL,mutual_fund,raw_flag:isFund,103
FRAF,common_stock,profile_fields_present,662
FRBA,common_stock,profile_fields_present,632
FRD,common_stock,profile_fields_present,634
FREE,common_stock,profile_fields_present,182
FRES,adr,raw_flag:isAdr,247
FREY,common_stock,profile_fields_present,314
FRG,common_stock,profile_fields_present,262
FRGAP,preferred,symbol_suffix:fifth_char_P,262
FRGE,common_stock,profile_fields_present,554
FRLN,common_stock,profile_fields_present,32
FRME,common_stock,profile_fields_present,619
FRMI,common_stock,profile_fields_present,171
FRMM,common_stock,profile_fields_present,202
FRPH,common_stock,profile_fields_present,611
FRPT,common_stock,profile_fields_present,655
FRSH,common_stock,profile_fields_present,610
FRST,common_stock,profile_fields_present,632
FSBC,common_stock,profile_fields_present,648
FSBD,etf,is_etf=True,487
FSBW,common_stock,profile_fields_present,622
FSCO,closed_end_fund,raw_description:CLOSED_END_SUBJECT_POSITION,647
FSD,mutual_fund,raw_flag:isFund,147
FSEA,common_stock,profile_fields_present,669
FSFG,common_stock,profile_fields_present,578
FSI,common_stock,profile_fields_present,646
FSLD,etf,is_etf=True,475
FSLY,common_stock,profile_fields_present,631
FSM,common_stock,profile_fields_present,664
FSR,common_stock,profile_fields_present,57
FSST,etf,is_etf=True,548
FSTR,common_stock,profile_fields_present,645
FSUN,common_stock,profile_fields_present,631
FTAIO,preferred,symbol_suffix:fifth_char_O+inactive,301
FTAIP,preferred,symbol_suffix:fifth_char_P,220
FTCI,common_stock,profile_fields_present,624
FTDR,common_stock,profile_fields_present,653
FTEL,common_stock,profile_fields_present,593
FTK,common_stock,profile_fields_present,640
FTLF,common_stock,profile_fields_present,642
FTRE,common_stock,profile_fields_present,623
FTW,spac_or_blank_check,industry_description:SHELL_COMPANIES+BUSINESS_COMBINATION,379
FUBO,common_stock,profile_fields_present,612
FUL,common_stock,profile_fields_present,619
FULC,common_stock,profile_fields_present,629
FULT,common_stock,profile_fields_present,627
FUN,common_stock,profile_fields_present,619
FUNC,common_stock,profile_fields_present,648
FUSB,common_stock,profile_fields_present,635
FUSN,common_stock,profile_fields_present,125
FVCB,common_stock,profile_fields_present,628
FVR,common_stock,profile_fields_present,625
FVRR,common_stock,profile_fields_present,616
FWBI,common_stock,profile_fields_present,94
FWDI,common_stock,profile_fields_present,631
FWRD,common_stock,profile_fields_present,610
FWRG,common_stock,profile_fields_present,626
FXNC,common_stock,profile_fields_present,632
FYBR,common_stock,profile_fields_present,550
FYLG,etf,is_etf=True,331
GABC,common_stock,profile_fields_present,631
GAIA,common_stock,profile_fields_present,646
GAINL,non_common_series,symbol_suffix:fifth_char_L+inactive,502
GALT,common_stock,profile_fields_present,645
GAM,closed_end_fund,manual_override:known_cef,713
GAMB,common_stock,profile_fields_present,623
GAMC,spac_or_blank_check,industry_description:SHELL_COMPANIES+BUSINESS_COMBINATION,169
GAN,common_stock,profile_fields_present,386
GAQ,spac_or_blank_check,name_pattern:ACQUISITION_SEQUENCE,224
GASS,common_stock,profile_fields_present,634
GAST,etf,is_etf=True,528
GATE,spac_or_blank_check,name_contains:ACQUISITION CORP,344
GATO,common_stock,profile_fields_present,298
GAU,common_stock,profile_fields_present,635
GB,common_stock,profile_fields_present,418
GBBK,spac_or_blank_check,name_contains:ACQUISITION CORP,335
GBBKR,spac_or_blank_check,name_contains:ACQUISITION CORP,325
GBFH,common_stock,profile_fields_present,663
GBIO,common_stock,profile_fields_present,529
GBLD,etf,is_etf=True,547
GBLI,common_stock,profile_fields_present,622
GBNH,common_stock,profile_fields_present,37
GBTG,common_stock,profile_fields_present,635
GBUY,etf,is_etf=True,442
GBX,common_stock,profile_fields_present,636
GCBC,common_stock,profile_fields_present,622
GCI,common_stock,profile_fields_present,495
GCMG,common_stock,profile_fields_present,654
GCO,common_stock,profile_fields_present,619
GCT,common_stock,profile_fields_present,654
GCTS,common_stock,profile_fields_present,615
GDEV,common_stock,profile_fields_present,615
GDFN,etf,is_etf=True,133
GDOT,common_stock,profile_fields_present,616
GDRX,common_stock,profile_fields_present,610
GDVD,etf,is_etf=True,193
GDYN,common_stock,profile_fields_present,636
GEAR,common_stock,profile_fields_present,24
GECCM,exchange_traded_debt,name_contains:NOTES,196
GECCZ,exchange_traded_debt,name_contains:NOTES,454
GEEX,spac_or_blank_check,name_contains:ACQUISITION CORP,262
GEF,common_stock,profile_fields_present,624
GEG,common_stock,profile_fields_present,632
GEL,common_stock,profile_fields_present,645
GEMI,common_stock,profile_fields_present,184
GENB,common_stock,profile_fields_present,69
GENC,common_stock,profile_fields_present,627
GENE,adr,raw_flag:isAdr,242
GENI,common_stock,profile_fields_present,635
GENK,common_stock,profile_fields_present,610
GENQ,spac_or_blank_check,industry_description:SHELL_COMPANIES+BUSINESS_COMBINATION,220
GEO,common_stock,profile_fields_present,638
GEOS,common_stock,profile_fields_present,638
GES,common_stock,profile_fields_present,525
GFF,common_stock,profile_fields_present,632
GFOF,etf,is_etf=True,246
GFR,common_stock,profile_fields_present,615
GGE,common_stock,profile_fields_present,75
GGR,common_stock,profile_fields_present,610
GHC,common_stock,profile_fields_present,654
GHI,common_stock,profile_fields_present,610
GHIX,spac_or_blank_check,industry_description:SHELL_COMPANIES+BUSINESS_COMBINATION,235
GHLD,common_stock,profile_fields_present,507
GHM,common_stock,profile_fields_present,688
GHRS,common_stock,profile_fields_present,622
GIA,common_stock,profile_fields_present,47
GIC,common_stock,profile_fields_present,630
GIFI,common_stock,profile_fields_present,568
GIG,spac_or_blank_check,industry_description:SHELL_COMPANIES+BLANK_CHECK_COMPANY,494
GIII,common_stock,profile_fields_present,615
GILT,common_stock,profile_fields_present,652
GIX,common_stock,profile_fields_present,55
GLAC,spac_or_blank_check,name_contains:ACQUISITION CORP,419
GLADZ,exchange_traded_debt,name_contains:NOTES,475
GLBAV,common_stock,profile_fields_present,1
GLBKV,common_stock,profile_fields_present,1
GLBS,common_stock,profile_fields_present,620
GLDD,common_stock,profile_fields_present,606
GLIBA,common_stock,profile_fields_present,233
GLLIR,spac_or_blank_check,industry_description:SHELL_COMPANIES+BUSINESS_COMBINATION,466
GLND,common_stock,profile_fields_present,53
GLOB,common_stock,profile_fields_present,611
GLOO,common_stock,profile_fields_present,610
GLP,common_stock,profile_fields_present,635
GLPG,adr,raw_flag:isAdr,602
GLRE,common_stock,profile_fields_present,652
GLSI,common_stock,profile_fields_present,626
GLST,spac_or_blank_check,industry_description:SHELL_COMPANIES+BUSINESS_COMBINATION,508
GLT,common_stock,profile_fields_present,212
GLTO,common_stock,profile_fields_present,555
GLUE,common_stock,profile_fields_present,638
GLYC,common_stock,profile_fields_present,376
GMBLZ,non_common_series,symbol_suffix:fifth_char_Z+inactive,203
GMFI,spac_or_blank_check,name_contains:ACQUISITION CORP,119
GMGI,common_stock,profile_fields_present,567
GMMF,etf,is_etf=True,277
GMRE,common_stock,profile_fields_present,537
GMRS,common_stock,profile_fields_present,18
GMS,common_stock,profile_fields_present,450
GNE,common_stock,profile_fields_present,632
GNFT,adr,raw_flag:isAdr,529
GNK,common_stock,profile_fields_present,659
GNL,common_stock,profile_fields_present,629
GNLX,common_stock,profile_fields_present,619
GNOG,common_stock,profile_fields_present,178
GNTY,common_stock,profile_fields_present,466
GNW,common_stock,profile_fields_present,644
GO,common_stock,profile_fields_present,610
GOAI,common_stock,profile_fields_present,90
GODN,spac_or_blank_check,name_contains:ACQUISITION CORPORATION,362
GOGL,common_stock,profile_fields_present,440
GOGO,common_stock,profile_fields_present,623
GOL,adr,raw_flag:isAdr,17
GOLD,common_stock,profile_fields_present,636
GOOD,common_stock,profile_fields_present,637
GOOS,common_stock,profile_fields_present,616
GORV,common_stock,profile_fields_present,480
GPAC,spac_or_blank_check,name_contains:ACQUISITION CORP,137
GPGI,common_stock,profile_fields_present,676
GPI,common_stock,profile_fields_present,643
GPJA,exchange_traded_debt,name_contains:NT,615
GPK,common_stock,profile_fields_present,622
GPOR,common_stock,profile_fields_present,651
GPP,common_stock,profile_fields_present,4
GPRE,common_stock,profile_fields_present,630
GPRK,common_stock,profile_fields_present,624
GPS,common_stock,profile_fields_present,171
GRAL,common_stock,profile_fields_present,521
GRBK,common_stock,profile_fields_present,635
GRC,common_stock,profile_fields_present,665
GRCE,common_stock,profile_fields_present,622
GRCL,adr,raw_flag:isAdr,41
GRDN,common_stock,profile_fields_present,639
GREI,etf,is_etf=True,282
GRFX,adr,raw_flag:isAdr,343
GRND,common_stock,profile_fields_present,661
GRNT,common_stock,profile_fields_present,610
GRO,common_stock,profile_fields_present,382
GROW,common_stock,profile_fields_present,619
GROY,common_stock,profile_fields_present,647
GRPN,common_stock,profile_fields_present,644
GRRR,common_stock,profile_fields_present,621
GRYP,common_stock,profile_fields_present,393
GSBC,common_stock,profile_fields_present,633
GSFP,etf,is_etf=True,400
GSHD,common_stock,profile_fields_present,633
GSIT,common_stock,profile_fields_present,620
GSL,common_stock,profile_fields_present,678
GSM,common_stock,profile_fields_present,616
GSRT,spac_or_blank_check,name_contains:ACQUISITION CORP,227
GT,common_stock,profile_fields_present,610
GTAC,spac_or_blank_check,name_contains:ACQUISITION CORP,210
GTE,common_stock,profile_fields_present,636
GTER,unit,name_ends:UNIT,5
GTH,adr,raw_flag:isAdr,74
GTHX,common_stock,profile_fields_present,195
GTI,common_stock,profile_fields_present,486
GTM,common_stock,profile_fields_present,610
GTN,common_stock,profile_fields_present,613
GTY,common_stock,profile_fields_present,624
GVP,common_stock,profile_fields_present,212
GWRS,common_stock,profile_fields_present,613
GXG,etf,is_etf=True,399
GYRE,common_stock,profile_fields_present,610
HA,common_stock,profile_fields_present,184
HAE,common_stock,profile_fields_present,616
HAFC,common_stock,profile_fields_present,635
HAFN,common_stock,profile_fields_present,638
HAIA,spac_or_blank_check,name_contains:ACQUISITION CORP,561
HAPY,etf,is_etf=True,460
HARP,common_stock,profile_fields_present,59
HART,etf,is_etf=True,447
HASI,common_stock,profile_fields_present,644
HAWK,common_stock,profile_fields_present,21
HAYN,common_stock,profile_fields_present,236
HAYW,common_stock,profile_fields_present,618
HBB,common_stock,profile_fields_present,644
HBCP,common_stock,profile_fields_present,646
HBI,common_stock,profile_fields_present,506
HBNB,common_stock,profile_fields_present,248
HBNC,common_stock,profile_fields_present,628
HBT,common_stock,profile_fields_present,636
HCC,common_stock,profile_fields_present,501
HCHL,common_stock,profile_fields_present,240
HCI,common_stock,profile_fields_present,656
HCIC,common_stock,profile_fields_present,48
HCKT,common_stock,profile_fields_present,624
HCOM,etf,is_etf=True,370
HCP,common_stock,profile_fields_present,304
HCSG,common_stock,profile_fields_present,641
HCXZ,business_development_company,raw_description:BUSINESS_DEVELOPMENT_COMPANY,333
HDAW,etf,is_etf=True,151
HDRN,common_stock,profile_fields_present,503
HDRO,etf,is_etf=True,332
HDSN,common_stock,profile_fields_present,624
HE,common_stock,profile_fields_present,625
HEAR,common_stock,profile_fields_present,288
HEES,common_stock,profile_fields_present,367
HELE,common_stock,profile_fields_present,610
HELP,common_stock,profile_fields_present,610
HES,common_stock,profile_fields_present,387
HEWG,etf,is_etf=True,173
HFBL,common_stock,profile_fields_present,625
HFEQ,etf,is_etf=True,121
HFWA,common_stock,profile_fields_present,624
HG,common_stock,profile_fields_present,666
HGTY,common_stock,profile_fields_present,634
HGV,common_stock,profile_fields_present,624
HHGC,spac_or_blank_check,industry_description:SHELL_COMPANIES+BUSINESS_COMBINATION,189
HHGCR,spac_or_blank_check,industry_description:SHELL_COMPANIES+BUSINESS_COMBINATION,191
HHH,common_stock,profile_fields_present,620
HHLA,spac_or_blank_check,name_contains:ACQUISITION CO,27
HI,common_stock,profile_fields_present,529
HIBB,common_stock,profile_fields_present,169
HIE,mutual_fund,raw_flag:isFund,270
HIFS,common_stock,profile_fields_present,628
HIMY,etf,is_etf=True,109
HIPO,common_stock,profile_fields_present,624
HITI,common_stock,profile_fields_present,630
HIVE,common_stock,profile_fields_present,614
HIW,common_stock,profile_fields_present,638
HKND,etf,is_etf=True,538
HLF,common_stock,profile_fields_present,626
HLGE,etf,is_etf=True,419
HLIO,common_stock,profile_fields_present,640
HLIT,common_stock,profile_fields_present,630
HLLY,common_stock,profile_fields_present,623
HLMN,common_stock,profile_fields_present,627
HLNE,common_stock,profile_fields_present,647
HLVX,common_stock,profile_fields_present,433
HLX,common_stock,profile_fields_present,623
HLXB,spac_or_blank_check,name_contains:ACQUISITION CORP,390
HMH,common_stock,profile_fields_present,45
HMN,common_stock,profile_fields_present,640
HMNF,common_stock,profile_fields_present,208
HMST,common_stock,profile_fields_present,420
HNGE,common_stock,profile_fields_present,264
HNI,common_stock,profile_fields_present,636
HNNA,common_stock,profile_fields_present,630
HNRG,common_stock,profile_fields_present,631
HNST,common_stock,profile_fields_present,626
HNVR,common_stock,profile_fields_present,637
HNW,mutual_fund,raw_flag:isFund,486
HOFT,common_stock,profile_fields_present,614
HOG,common_stock,profile_fields_present,616
HOLI,common_stock,profile_fields_present,141
HOLX,common_stock,profile_fields_present,584
HOND,spac_or_blank_check,name_contains:ACQUISITION CORP,293
HOOI,etf,is_etf=True,109
HOPE,common_stock,profile_fields_present,620
HOUS,common_stock,profile_fields_present,534
HOV,common_stock,profile_fields_present,621
HOVR,common_stock,profile_fields_present,621
HP,common_stock,profile_fields_present,625
HPH,adr,raw_flag:isAdr,346
HPK,common_stock,profile_fields_present,610
HPP,common_stock,profile_fields_present,610
HQ,common_stock,profile_fields_present,55
HQH,closed_end_fund,raw_description:CLOSED_END_EQUITY_FUND,639
HQI,common_stock,profile_fields_present,613
HQL,closed_end_fund,raw_description:CLOSED_ENDED_EQUITY_MUTUAL_FUND,642
HRB,common_stock,profile_fields_present,628
HRI,common_stock,profile_fields_present,128
HRMY,common_stock,profile_fields_present,617
HROW,common_stock,profile_fields_present,643
HROWL,exchange_traded_debt,name_contains:NOTES,459
HROWM,exchange_traded_debt,name_contains:NOTES,460
HRT,common_stock,profile_fields_present,132
HRTG,common_stock,profile_fields_present,639
HRYU,adr,raw_flag:isAdr,234
HSHP,common_stock,profile_fields_present,651
HSII,common_stock,profile_fields_present,516
HSLV,common_stock,profile_fields_present,68
HSON,common_stock,profile_fields_present,412
HSONP,preferred,name_contains:PREFERRED,416
HSTM,common_stock,profile_fields_present,635
HSTO,common_stock,profile_fields_present,220
HTB,common_stock,profile_fields_present,650
HTBI,common_stock,profile_fields_present,323
HTBK,common_stock,profile_fields_present,598
HTFB,business_development_company,raw_description:BUSINESS_DEVELOPMENT_COMPANY,525
HTFC,common_stock,profile_fields_present,631
HTFL,common_stock,profile_fields_present,209
HTH,common_stock,profile_fields_present,623
HTLD,common_stock,profile_fields_present,629
HTLF,common_stock,profile_fields_present,304
HTLFP,preferred,symbol_suffix:fifth_char_P,277
HTO,common_stock,profile_fields_present,619
HTT,common_stock,profile_fields_present,624
HTY,mutual_fund,raw_flag:isFund,73
HTZ,common_stock,profile_fields_present,613
HUBG,common_stock,profile_fields_present,624
HUGE,common_stock,profile_fields_present,156
HUHU,common_stock,profile_fields_present,423
HUN,common_stock,profile_fields_present,615
HURA,common_stock,profile_fields_present,610
HURC,common_stock,profile_fields_present,614
HURN,common_stock,profile_fields_present,644
HUSA,common_stock,profile_fields_present,486
HVII,common_stock,profile_fields_present,381
HVMC,common_stock,profile_fields_present,224
HVT,common_stock,profile_fields_present,622
HWBK,common_stock,profile_fields_present,626
HWKN,common_stock,profile_fields_present,662
HY,common_stock,profile_fields_present,620
HYAC,spac_or_blank_check,name_contains:ACQUISITION CORP,722
HYB,mutual_fund,raw_flag:isFund,316
HYGI,etf,is_etf=True,436
HYLG,etf,is_etf=True,389
HYLN,common_stock,profile_fields_present,631
HYMC,common_stock,profile_fields_present,658
HYMCL,non_common_series,symbol_suffix:fifth_char_L+inactive,443
HYNE,common_stock,profile_fields_present,135
HZO,common_stock,profile_fields_present,616
IAC,common_stock,profile_fields_present,616
IACVV,common_stock,profile_fields_present,187
IART,common_stock,profile_fields_present,613
IBCP,common_stock,profile_fields_present,625
IBDP,etf,is_etf=True,301
IBDQ,etf,is_etf=True,553
IBEX,common_stock,profile_fields_present,638
IBIB,etf,is_etf=True,489
IBOC,common_stock,profile_fields_present,643
IBTA,common_stock,profile_fields_present,535
IBTE,etf,is_etf=True,254
IBTX,common_stock,profile_fields_present,263
ICAD,common_stock,profile_fields_present,396
ICBK,common_stock,profile_fields_present,178
ICCC,common_stock,profile_fields_present,638
ICCH,common_stock,profile_fields_present,319
ICD,common_stock,profile_fields_present,165
ICFI,common_stock,profile_fields_present,629
ICHR,common_stock,profile_fields_present,634
ICUI,common_stock,profile_fields_present,628
ICVX,common_stock,profile_fields_present,33
IDAT,etf,is_etf=True,451
IDEX,common_stock,profile_fields_present,131
IDN,common_stock,profile_fields_present,632
IDR,common_stock,profile_fields_present,683
IDT,common_stock,profile_fields_present,650
IDYA,common_stock,profile_fields_present,637
IE,common_stock,profile_fields_present,625
IEP,common_stock,profile_fields_present,482
IFIN,spac_or_blank_check,name_contains:ACQUISITION CORPORATION,209
IGIC,common_stock,profile_fields_present,657
IGMS,common_stock,profile_fields_present,409
IGT,common_stock,profile_fields_present,376
IHRT,common_stock,profile_fields_present,626
IHS,common_stock,profile_fields_present,638
IHTA,mutual_fund,raw_flag:isFund,236
IHYF,etf,is_etf=True,556
III,common_stock,profile_fields_present,628
IIIN,common_stock,profile_fields_present,621
IIIV,common_stock,profile_fields_present,622
IIPR,common_stock,profile_fields_present,637
IKNA,common_stock,profile_fields_present,393
ILPT,common_stock,profile_fields_present,639
IMA,common_stock,profile_fields_present,610
IMAB,adr,raw_flag:isAdr,473
IMAX,common_stock,profile_fields_present,656
IMDX,common_stock,profile_fields_present,625
IMGN,common_stock,profile_fields_present,28
IMKTA,common_stock,profile_fields_present,628
IMMR,common_stock,profile_fields_present,632
IMMX,common_stock,profile_fields_present,643
IMNM,common_stock,profile_fields_present,647
IMPP,common_stock,profile_fields_present,627
IMRX,common_stock,profile_fields_present,624
IMSR,common_stock,profile_fields_present,154
IMTX,common_stock,profile_fields_present,616
IMUX,common_stock,profile_fields_present,616
IMXI,common_stock,profile_fields_present,620
INAQ,spac_or_blank_check,name_contains:ACQUISITION CORP,271
INBK,common_stock,profile_fields_present,627
INBX,common_stock,profile_fields_present,551
INDB,common_stock,profile_fields_present,626
INDF,etf,is_etf=True,428
INDI,common_stock,profile_fields_present,613
INDO,common_stock,profile_fields_present,615
INDV,common_stock,profile_fields_present,662
INFA,common_stock,profile_fields_present,489
INFN,common_stock,profile_fields_present,295
INFQ,common_stock,profile_fields_present,79
INFR,etf,is_etf=True,522
INFU,common_stock,profile_fields_present,618
INGN,common_stock,profile_fields_present,618
INKT,common_stock,profile_fields_present,611
INMD,common_stock,profile_fields_present,610
INN,common_stock,profile_fields_present,616
INNO,etf,is_etf=True,271
INNV,common_stock,profile_fields_present,621
INOD,common_stock,profile_fields_present,650
INPX,common_stock,profile_fields_present,48
INR,common_stock,profile_fields_present,338
INSE,common_stock,profile_fields_present,615
INSG,common_stock,profile_fields_present,637
INSI,mutual_fund,raw_flag:isFund,298
INSP,common_stock,profile_fields_present,610
INST,common_stock,profile_fields_present,218
INSW,common_stock,profile_fields_present,662
INTA,common_stock,profile_fields_present,635
INTG,common_stock,profile_fields_present,625
INTR,common_stock,profile_fields_present,642
INTT,common_stock,profile_fields_present,634
INV,common_stock,profile_fields_present,644
INVA,common_stock,profile_fields_present,645
INVE,common_stock,profile_fields_present,618
INVO,common_stock,profile_fields_present,203
INVX,common_stock,profile_fields_present,636
INZY,common_stock,profile_fields_present,378
IOBT,common_stock,profile_fields_present,574
IOR,common_stock,profile_fields_present,616
IOSP,common_stock,profile_fields_present,619
IOVA,common_stock,profile_fields_present,622
IPAR,common_stock,profile_fields_present,610
IPG,common_stock,profile_fields_present,480
IPGP,common_stock,profile_fields_present,623
IPI,common_stock,profile_fields_present,623
IPSC,common_stock,profile_fields_present,622
IPWR,common_stock,profile_fields_present,613
IPXX,spac_or_blank_check,name_contains:ACQUISITION CORP,411
IQDE,etf,is_etf=True,287
IQIN,etf,is_etf=True,234
IQMD,spac_or_blank_check,name_contains:ACQUISITION CORP,183
IRBT,common_stock,profile_fields_present,496
IRD,common_stock,profile_fields_present,647
IRDM,common_stock,profile_fields_present,503
IRHO,common_stock,profile_fields_present,100
IRMD,common_stock,profile_fields_present,671
IROH,spac_or_blank_check,industry_description:SHELL_COMPANIES+BUSINESS_COMBINATION,525
IRON,common_stock,profile_fields_present,628
IROQ,common_stock,profile_fields_present,599
IRT,common_stock,profile_fields_present,634
IRTC,common_stock,profile_fields_present,641
IRWD,common_stock,profile_fields_present,629
ISBA,common_stock,profile_fields_present,667
ISDR,common_stock,profile_fields_present,283
ISOU,common_stock,profile_fields_present,296
ISPO,common_stock,profile_fields_present,525
ISRL,spac_or_blank_check,industry_description:SHELL_COMPANIES+BUSINESS_COMBINATION,644
ISSC,common_stock,profile_fields_present,651
ISTR,common_stock,profile_fields_present,650
ISUN,common_stock,profile_fields_present,125
ITCI,common_stock,profile_fields_present,346
ITGR,common_stock,profile_fields_present,642
ITI,common_stock,profile_fields_present,245
ITIC,common_stock,profile_fields_present,654
ITOS,common_stock,profile_fields_present,420
ITRG,common_stock,profile_fields_present,650
ITRI,common_stock,profile_fields_present,642
ITRM,common_stock,profile_fields_present,568
ITRN,common_stock,profile_fields_present,666
IVAC,common_stock,profile_fields_present,313
IVCA,spac_or_blank_check,name_contains:ACQUISITION CORP,539
IVCB,spac_or_blank_check,name_contains:ACQUISITION CORP,321
IVCP,spac_or_blank_check,name_contains:ACQUISITION CORP,260
IVP,common_stock,profile_fields_present,550
IVR,common_stock,profile_fields_present,614
IVT,common_stock,profile_fields_present,646
IXAQ,spac_or_blank_check,name_contains:ACQUISITION CORP,630
IXHL,common_stock,profile_fields_present,610
IZEA,common_stock,profile_fields_present,628
JACK,common_stock,profile_fields_present,610
JAKK,common_stock,profile_fields_present,611
JAMF,common_stock,profile_fields_present,523
JAN,common_stock,profile_fields_present,54
JANX,common_stock,profile_fields_present,619
JBGS,common_stock,profile_fields_present,629
JBI,common_stock,profile_fields_present,623
JBIO,common_stock,profile_fields_present,278
JBLU,common_stock,profile_fields_present,613
JBSS,common_stock,profile_fields_present,612
JBT,common_stock,profile_fields_present,282
JCAP,common_stock,profile_fields_present,251
JCTCF,common_stock,profile_fields_present,196
JCTR,etf,is_etf=True,532
JEQ,mutual_fund,raw_flag:isFund,493
JFB,common_stock,profile_fields_present,638
JFBR,common_stock,profile_fields_present,562
JILL,common_stock,profile_fields_present,620
JJSF,common_stock,profile_fields_present,611
JLHL,common_stock,profile_fields_present,256
JMG,common_stock,profile_fields_present,15
JMSB,common_stock,profile_fields_present,616
JNPR,common_stock,profile_fields_present,395
JNVR,common_stock,profile_fields_present,332
JOE,common_stock,profile_fields_present,637
JOUT,common_stock,profile_fields_present,644
JPI,mutual_fund,raw_flag:isFund,466
JPMO,etf,is_etf=True,560
JRSH,common_stock,profile_fields_present,629
JRVR,common_stock,profile_fields_present,619
JT,adr,raw_flag:isAdr,33
JTAIZ,non_common_series,symbol_suffix:fifth_char_Z+inactive,171
JULD,etf,is_etf=True,378
JUNE,common_stock,profile_fields_present,299
JVSA,spac_or_blank_check,name_contains:SPAC,434
JWN,common_stock,profile_fields_present,357
JWSM,spac_or_blank_check,name_contains:ACQUISITION CORPORATION,273
JXJT,common_stock,profile_fields_present,245
JYNT,common_stock,profile_fields_present,616
K,common_stock,profile_fields_present,536
KA,common_stock,profile_fields_present,180
KACL,spac_or_blank_check,name_contains:ACQUISITION CORP,507
KACLR,spac_or_blank_check,name_contains:ACQUISITION CORP,532
KAI,common_stock,profile_fields_present,631
KALA,common_stock,profile_fields_present,626
KALL,etf,is_etf=True,355
KALU,common_stock,profile_fields_present,669
KALV,common_stock,profile_fields_present,654
KAMN,common_stock,profile_fields_present,86
KAR,common_stock,profile_fields_present,591
KARO,common_stock,profile_fields_present,637
KBH,common_stock,profile_fields_present,632
KBR,common_stock,profile_fields_present,623
KBWR,etf,is_etf=True,555
KCGI,spac_or_blank_check,name_contains:ACQUISITION CORP,219
KD,common_stock,profile_fields_present,637
KDK,common_stock,profile_fields_present,178
KDLY,common_stock,profile_fields_present,255
KE,common_stock,profile_fields_present,629
KEEL,common_stock,profile_fields_present,622
KELYA,common_stock,profile_fields_present,622
KEM,etf,is_etf=True,365
KEN,common_stock,profile_fields_present,695
KEQU,common_stock,profile_fields_present,643
KERN,common_stock,profile_fields_present,26
KEUA,etf,is_etf=True,572
KFFB,common_stock,profile_fields_present,627
KFRC,common_stock,profile_fields_present,615
KFS,common_stock,profile_fields_present,618
KFVG,etf,is_etf=True,180
KFY,common_stock,profile_fields_present,628
KG,common_stock,profile_fields_present,269
KGEI,common_stock,profile_fields_present,635
KIDS,common_stock,profile_fields_present,610
KIND,common_stock,profile_fields_present,388
KINS,common_stock,profile_fields_present,657
KIRK,common_stock,profile_fields_present,391
KLC,common_stock,profile_fields_present,610
KLG,common_stock,profile_fields_present,457
KLRA,common_stock,profile_fields_present,35
KLRS,common_stock,profile_fields_present,610
KLTO,common_stock,profile_fields_present,552
KLXE,common_stock,profile_fields_present,616
KLXY,etf,is_etf=True,569
KMDA,common_stock,profile_fields_present,626
KMPR,common_stock,profile_fields_present,621
KMT,common_stock,profile_fields_present,628
KMTS,common_stock,profile_fields_present,321
KN,common_stock,profile_fields_present,661
KNF,common_stock,profile_fields_present,650
KNOP,common_stock,profile_fields_present,633
KNSA,common_stock,profile_fields_present,675
KNTE,common_stock,profile_fields_present,62
KNTK,common_stock,profile_fields_present,660
KNW,common_stock,profile_fields_present,411
KOCG,etf,is_etf=True,463
KOD,common_stock,profile_fields_present,636
KODK,common_stock,profile_fields_present,634
KOIN,etf,is_etf=True,111
KOP,common_stock,profile_fields_present,625
KOPN,common_stock,profile_fields_present,638
KORE,common_stock,profile_fields_present,654
KOS,common_stock,profile_fields_present,616
KOSS,common_stock,profile_fields_present,613
KPET,common_stock,profile_fields_present,9
KPLT,common_stock,profile_fields_present,512
KPOP,etf,is_etf=True,314
KPTI,common_stock,profile_fields_present,613
KRAQ,common_stock,profile_fields_present,54
KRC,common_stock,profile_fields_present,614
KREF,common_stock,profile_fields_present,610
KRMD,common_stock,profile_fields_present,625
KRNL,spac_or_blank_check,industry_description:SHELL_COMPANIES+ASSET_ACQUISITION,167
KRNT,common_stock,profile_fields_present,627
KRNY,common_stock,profile_fields_present,616
KRO,common_stock,profile_fields_present,628
KRON,common_stock,profile_fields_present,369
KROS,common_stock,profile_fields_present,617
KRP,common_stock,profile_fields_present,619
KRRO,common_stock,profile_fields_present,614
KRT,common_stock,profile_fields_present,629
KRTX,common_stock,profile_fields_present,55
KRUS,common_stock,profile_fields_present,614
KSEA,etf,is_etf=True,371
KSM,mutual_fund,raw_flag:isFund,263
KSS,common_stock,profile_fields_present,614
KTB,common_stock,profile_fields_present,649
KTCC,common_stock,profile_fields_present,626
KTRA,common_stock,profile_fields_present,200
KUKE,adr,raw_flag:isAdr,316
KULR,common_stock,profile_fields_present,619
KURA,common_stock,profile_fields_present,621
KURI,spac_or_blank_check,name_contains:ACQUISITION CORP,302
KVHI,common_stock,profile_fields_present,645
KVYO,common_stock,profile_fields_present,634
KW,common_stock,profile_fields_present,622
KWE,adr,raw_flag:isAdr,374
KWR,common_stock,profile_fields_present,624
KWY,common_stock,profile_fields_present,610
KYCHR,spac_or_blank_check,name_contains:ACQUISITION CORPORATION,69
KYIV,common_stock,profile_fields_present,203
KYTX,common_stock,profile_fields_present,594
KZR,common_stock,profile_fields_present,598
LAAC,common_stock,profile_fields_present,268
LABP,common_stock,profile_fields_present,133
LAC,common_stock,profile_fields_present,614
LADR,common_stock,profile_fields_present,616
LAES,common_stock,profile_fields_present,614
LAKE,common_stock,profile_fields_present,627
LANC,common_stock,profile_fields_present,374
LAND,common_stock,profile_fields_present,611
LANDM,preferred,symbol_suffix:fifth_char_M+inactive,559
LAR,common_stock,profile_fields_present,641
LARK,common_stock,profile_fields_present,635
LASE,common_stock,profile_fields_present,621
LASR,common_stock,profile_fields_present,675
LATG,spac_or_blank_check,name_contains:SPAC,379
LAUR,common_stock,profile_fields_present,664
LAW,common_stock,profile_fields_present,623
LAWR,adr,raw_flag:isAdr,91
LAX,spac_or_blank_check,industry_description:SHELL_COMPANIES+ASSET_ACQUISITION,301
LAYS,etf,is_etf=True,315
LAZ,common_stock,profile_fields_present,625
LBAI,common_stock,profile_fields_present,94
LBBB,spac_or_blank_check,industry_description:SHELL_COMPANIES+BUSINESS_COMBINATION,54
LBBBR,spac_or_blank_check,industry_description:SHELL_COMPANIES+BUSINESS_COMBINATION,47
LBC,common_stock,profile_fields_present,40
LBDAV,common_stock,profile_fields_present,1
LBDKV,etf,is_etf=True,3
LBPH,common_stock,profile_fields_present,257
LBRDA,common_stock,profile_fields_present,614
LBRT,common_stock,profile_fields_present,641
LBRX,common_stock,profile_fields_present,206
LBTYK,common_stock,profile_fields_present,627
LBYAV,common_stock,profile_fields_present,6
LBYKV,common_stock,profile_fields_present,6
LC,common_stock,profile_fields_present,636
LCA,common_stock,profile_fields_present,52
LCAA,spac_or_blank_check,name_contains:ACQUISITION CORPORATION,44
LCG,etf,is_etf=True,495
LCID,common_stock,profile_fields_present,610
LCII,common_stock,profile_fields_present,630
LCLN,common_stock,profile_fields_present,12
LCNB,common_stock,profile_fields_present,617
LCUT,common_stock,profile_fields_present,632
LCW,spac_or_blank_check,industry_description:SHELL_COMPANIES+BUSINESS_COMBINATION,212
LDWY,common_stock,profile_fields_present,527
LE,common_stock,profile_fields_present,633
LEE,common_stock,profile_fields_present,620
LEG,common_stock,profile_fields_present,617
LEGH,common_stock,profile_fields_present,620
LEGT,common_stock,profile_fields_present,26
LEJU,adr,raw_flag:isAdr,69
LENZ,common_stock,profile_fields_present,583
LEO,closed_end_fund,raw_description:CLOSED_END_MUTUAL_FUND,649
LESL,common_stock,profile_fields_present,610
LEU,common_stock,profile_fields_present,652
LEV,common_stock,profile_fields_present,243
LFCR,common_stock,profile_fields_present,614
LFMD,common_stock,profile_fields_present,631
LFST,common_stock,profile_fields_present,612
LFVN,common_stock,profile_fields_present,636
LGCY,common_stock,profile_fields_present,445
LGF,common_stock,profile_fields_present,338
LGIH,common_stock,profile_fields_present,610
LGL,common_stock,profile_fields_present,621
LGND,common_stock,profile_fields_present,667
LGST,spac_or_blank_check,name_contains:ACQUISITION CORPORATION,30
LGTY,common_stock,profile_fields_present,341
LGVC,spac_or_blank_check,industry_description:SHELL_COMPANIES+BUSINESS_COMBINATION,92
LIBY,spac_or_blank_check,name_contains:ACQUISITION CORP,70
LICY,common_stock,profile_fields_present,311
LIF,common_stock,profile_fields_present,661
LIFE,common_stock,profile_fields_present,95
LILA,common_stock,profile_fields_present,627
LILKV,common_stock,profile_fields_present,5
LILM,common_stock,profile_fields_present,213
LINC,common_stock,profile_fields_present,674
LIND,common_stock,profile_fields_present,635
LINK,common_stock,profile_fields_present,618
LION,common_stock,profile_fields_present,626
LIVN,common_stock,profile_fields_present,646
LIVR,etf,is_etf=True,280
LIXT,common_stock,profile_fields_present,620
LKCO,common_stock,profile_fields_present,312
LKFN,common_stock,profile_fields_present,614
LKFT,common_stock,profile_fields_present,622
LL,common_stock,profile_fields_present,168
LLAP,common_stock,profile_fields_present,208
LLYZ,etf,is_etf=True,368
LMAT,common_stock,profile_fields_present,650
LMB,common_stock,profile_fields_present,663
LMBO,etf,is_etf=True,457
LMND,common_stock,profile_fields_present,636
LMNR,common_stock,profile_fields_present,629
LNGZ,etf,is_etf=True,314
LNN,common_stock,profile_fields_present,619
LNSR,common_stock,profile_fields_present,653
LNW,common_stock,profile_fields_present,490
LOAN,common_stock,profile_fields_present,621
LOB,common_stock,profile_fields_present,619
LOCO,common_stock,profile_fields_present,643
LODE,common_stock,profile_fields_present,614
LOKB,spac_or_blank_check,name_contains:ACQUISITION CORP,252
LONA,common_stock,profile_fields_present,627
LOPE,common_stock,profile_fields_present,653
LOVE,common_stock,profile_fields_present,618
LPA,common_stock,profile_fields_present,550
LPG,common_stock,profile_fields_present,637
LPRO,common_stock,profile_fields_present,610
LPTH,common_stock,profile_fields_present,654
LPTX,common_stock,profile_fields_present,470
LPX,common_stock,profile_fields_present,107
LQDT,common_stock,profile_fields_present,648
LQIG,etf,is_etf=True,608
LQPE,etf,is_etf=True,292
LQR,common_stock,profile_fields_present,241
LRFC,business_development_company,raw_description:BUSINESS_DEVELOPMENT_COMPANY,393
LRMR,common_stock,profile_fields_present,616
LRN,common_stock,profile_fields_present,674
LSAK,common_stock,profile_fields_present,629
LSB,common_stock,profile_fields_present,432
LSBK,common_stock,profile_fields_present,673
LSDI,common_stock,profile_fields_present,124
LSE,common_stock,profile_fields_present,366
LSEA,common_stock,profile_fields_present,377
LSF,common_stock,profile_fields_present,625
LSPD,common_stock,profile_fields_present,610
LSPR,spac_or_blank_check,name_contains:ACQUISITION CORP,302
LSST,etf,is_etf=True,207
LSTA,common_stock,profile_fields_present,621
LSXMA,common_stock,profile_fields_present,172
LSXMB,common_stock,profile_fields_present,172
LSXMK,common_stock,profile_fields_present,172
LTBR,common_stock,profile_fields_present,631
LTC,common_stock,profile_fields_present,628
LTHM,common_stock,profile_fields_present,2
LTRN,common_stock,profile_fields_present,615
LTRX,common_stock,profile_fields_present,625
LTRY,common_stock,profile_fields_present,379
LUCK,common_stock,profile_fields_present,610
LUD,common_stock,profile_fields_present,623
LUMO,common_stock,profile_fields_present,241
LUNR,common_stock,profile_fields_present,636
LUX,etf,is_etf=True,403
LUXE,common_stock,profile_fields_present,631
LVO,common_stock,profile_fields_present,610
LVOL,etf,is_etf=True,384
LVRO,common_stock,profile_fields_present,537
LVTX,common_stock,profile_fields_present,480
LWAY,common_stock,profile_fields_present,636
LWLG,common_stock,profile_fields_present,632
LXEO,common_stock,profile_fields_present,616
LXFR,common_stock,profile_fields_present,626
LXP,common_stock,profile_fields_present,626
LXU,common_stock,profile_fields_present,627
LYEL,common_stock,profile_fields_present,620
LYRA,common_stock,profile_fields_present,562
LYT,common_stock,profile_fields_present,313
LYTS,common_stock,profile_fields_present,621
LZ,common_stock,profile_fields_present,613
LZB,common_stock,profile_fields_present,622
LZM,common_stock,profile_fields_present,610
MAAS,common_stock,profile_fields_present,624
MACA,spac_or_blank_check,name_contains:ACQUISITION CORP,161
MACK,common_stock,profile_fields_present,108
MAG,common_stock,profile_fields_present,460
MAGN,common_stock,profile_fields_present,610
MAGQ,etf,is_etf=True,189
MAKO,common_stock,profile_fields_present,611
MAMA,common_stock,profile_fields_present,665
MAN,common_stock,profile_fields_present,610
MANE,common_stock,profile_fields_present,86
MANU,common_stock,profile_fields_present,618
MAPS,common_stock,profile_fields_present,585
MARA,common_stock,profile_fields_present,21
MARX,spac_or_blank_check,name_contains:ACQUISITION CORP,280
MASS,common_stock,profile_fields_present,624
MAT,common_stock,profile_fields_present,619
MATV,common_stock,profile_fields_present,618
MATW,common_stock,profile_fields_present,610
MAV,mutual_fund,raw_flag:isFund,440
MAX,common_stock,profile_fields_present,620
MAYA,spac_or_blank_check,name_contains:ACQUISITION CORP,558
MAYAR,spac_or_blank_check,name_contains:ACQUISITION CORP,208
MAYS,common_stock,profile_fields_present,613
MAZE,common_stock,profile_fields_present,377
MB,common_stock,profile_fields_present,298
MBBC,common_stock,profile_fields_present,658
MBC,common_stock,profile_fields_present,625
MBI,common_stock,profile_fields_present,618
MBIN,common_stock,profile_fields_present,637
MBINO,preferred,symbol_suffix:fifth_char_O+inactive,281
MBINP,preferred,symbol_suffix:fifth_char_P,61
MBNKP,preferred,symbol_suffix:fifth_char_P,385
MBTC,spac_or_blank_check,name_contains:ACQUISITION CORPORATION,66
MBTCR,spac_or_blank_check,name_contains:ACQUISITION CORPORATION,63
MBUU,common_stock,profile_fields_present,610
MBWM,common_stock,profile_fields_present,625
MBX,common_stock,profile_fields_present,623
MCAA,spac_or_blank_check,name_contains:ACQUISITION CORP,311
MCAC,spac_or_blank_check,name_contains:ACQUISITION CORPORATION,184
MCAF,spac_or_blank_check,name_contains:ACQUISITION CORP,66
MCB,common_stock,profile_fields_present,644
MCBC,common_stock,profile_fields_present,172
MCBS,common_stock,profile_fields_present,640
MCFT,common_stock,profile_fields_present,617
MCHB,common_stock,profile_fields_present,619
MCI,closed_end_fund,raw_description:CLOSED_END_MUTUAL_FUND,629
MCRB,common_stock,profile_fields_present,612
MCRI,common_stock,profile_fields_present,647
MCRP,common_stock,profile_fields_present,317
MCS,common_stock,profile_fields_present,635
MCTA,common_stock,profile_fields_present,16
MCTR,mutual_fund,raw_flag:isFund,225
MCVT,common_stock,profile_fields_present,419
MCW,common_stock,profile_fields_present,598
MD,common_stock,profile_fields_present,631
MDC,common_stock,profile_fields_present,76
MDGS,adr,raw_flag:isAdr,74
MDJH,common_stock,profile_fields_present,232
MDNA,common_stock,profile_fields_present,262
MDU,common_stock,profile_fields_present,660
MDV,common_stock,profile_fields_present,624
MDVL,common_stock,profile_fields_present,29
MDWD,common_stock,profile_fields_present,626
MDXG,common_stock,profile_fields_present,617
ME,common_stock,profile_fields_present,529
MEC,common_stock,profile_fields_present,652
MED,common_stock,profile_fields_present,610
MEDS,common_stock,profile_fields_present,187
MEG,common_stock,profile_fields_present,591
MEI,common_stock,profile_fields_present,611
MEIP,common_stock,profile_fields_present,430
MENS,common_stock,profile_fields_present,107
MEOH,common_stock,profile_fields_present,626
MESA,common_stock,profile_fields_present,520
METC,common_stock,profile_fields_present,638
METCL,non_common_series,symbol_suffix:fifth_char_L+inactive,401
MFA,common_stock,profile_fields_present,623
MFAN,exchange_traded_debt,name_contains:NOTES,605
MFAO,exchange_traded_debt,name_contains:NOTES,540
MFD,mutual_fund,raw_flag:isFund,198
MFH,adr,raw_flag:isAdr,534
MFIN,common_stock,profile_fields_present,615
MFV,mutual_fund,raw_flag:isFund,72
MG,common_stock,profile_fields_present,665
MGEE,common_stock,profile_fields_present,628
MGIC,common_stock,profile_fields_present,584
MGNI,common_stock,profile_fields_present,625
MGNX,common_stock,profile_fields_present,638
MGOL,common_stock,profile_fields_present,285
MGPI,common_stock,profile_fields_present,610
MGRB,common_stock,profile_fields_present,618
MGRC,common_stock,profile_fields_present,618
MGRD,common_stock,profile_fields_present,623
MGRE,common_stock,profile_fields_present,556
MGRM,common_stock,profile_fields_present,450
MGRT,common_stock,profile_fields_present,247
MGTX,common_stock,profile_fields_present,621
MGYR,common_stock,profile_fields_present,659
MH,common_stock,profile_fields_present,220
MHH,common_stock,profile_fields_present,618
MHI,mutual_fund,raw_flag:isFund,442
MHLA,common_stock,profile_fields_present,610
MHLD,common_stock,profile_fields_present,351
MHN,mutual_fund,raw_flag:isFund,548
MHNC,common_stock,profile_fields_present,610
MHO,common_stock,profile_fields_present,621
MHUA,common_stock,profile_fields_present,487
MIAX,common_stock,profile_fields_present,213
MICS,common_stock,profile_fields_present,172
MIGI,common_stock,profile_fields_present,584
MIND,common_stock,profile_fields_present,632
MINDP,preferred,symbol_suffix:fifth_char_P,172
MINE,common_stock,profile_fields_present,91
MINM,common_stock,profile_fields_present,382
MIO,mutual_fund,raw_flag:isFund,449
MIR,common_stock,profile_fields_present,663
MIRM,common_stock,profile_fields_present,667
MITA,spac_or_blank_check,name_contains:ACQUISITION CORP,264
MITK,common_stock,profile_fields_present,633
MITN,exchange_traded_debt,name_contains:NOTES,594
MITP,exchange_traded_debt,name_contains:NOTES,522
MITT,common_stock,profile_fields_present,639
MIXT,common_stock,profile_fields_present,73
MJID,common_stock,profile_fields_present,39
MJUS,etf,is_etf=True,275
MKDW,common_stock,profile_fields_present,464
MKFG,common_stock,profile_fields_present,330
MKTW,common_stock,profile_fields_present,610
MKTX,common_stock,profile_fields_present,610
ML,common_stock,profile_fields_present,333
MLAB,common_stock,profile_fields_present,615
MLCI,common_stock,profile_fields_present,187
MLCIL,exchange_traded_debt,name_contains:NOTES,87
MLGO,common_stock,profile_fields_present,610
MLKN,common_stock,profile_fields_present,614
MLNK,common_stock,profile_fields_present,456
MLP,common_stock,profile_fields_present,635
MLR,common_stock,profile_fields_present,646
MLTX,common_stock,profile_fields_present,617
MLYS,common_stock,profile_fields_present,632
MMAT,common_stock,profile_fields_present,152
MMC,common_stock,profile_fields_present,545
MMI,common_stock,profile_fields_present,610
MMLG,etf,is_etf=True,578
MMLP,common_stock,profile_fields_present,623
MMS,common_stock,profile_fields_present,623
MMSI,common_stock,profile_fields_present,641
MMV,common_stock,profile_fields_present,529
MMYT,common_stock,profile_fields_present,658
MNDY,common_stock,profile_fields_present,636
MNKD,common_stock,profile_fields_present,629
MNMD,common_stock,profile_fields_present,537
MNPR,common_stock,profile_fields_present,634
MNR,common_stock,profile_fields_present,618
MNRO,common_stock,profile_fields_present,613
MNSB,common_stock,profile_fields_present,623
MNTL,etf,is_etf=True,393
MNTN,common_stock,profile_fields_present,261
MNTS,common_stock,profile_fields_present,611
MNTX,common_stock,profile_fields_present,251
MOBI,common_stock,profile_fields_present,20
MODG,common_stock,profile_fields_present,524
MODN,common_stock,profile_fields_present,121
MOR,adr,raw_flag:isAdr,168
MORF,common_stock,profile_fields_present,160
MOV,common_stock,profile_fields_present,635
MPAA,common_stock,profile_fields_present,631
MPAY,etf,is_etf=True,365
MPB,common_stock,profile_fields_present,635
MPLN,common_stock,profile_fields_present,291
MPLXP,preferred,symbol_suffix:fifth_char_P,769
MPT,common_stock,profile_fields_present,610
MPTI,common_stock,profile_fields_present,650
MPV,closed_end_fund,raw_description:CLOSED_ENDED_MUTUAL_FUND,650
MPW,common_stock,profile_fields_present,523
MPX,common_stock,profile_fields_present,599
MQ,common_stock,profile_fields_present,614
MQT,mutual_fund,raw_flag:isFund,511
MRAM,common_stock,profile_fields_present,635
MRBK,common_stock,profile_fields_present,636
MRC,common_stock,profile_fields_present,485
MRCC,business_development_company,raw_description:BUSINESS_DEVELOPMENT_COMPANY,598
MRDB,common_stock,profile_fields_present,162
MRDN,common_stock,profile_fields_present,625
MRLN,common_stock,profile_fields_present,57
MRNS,common_stock,profile_fields_present,279
MRO,common_stock,profile_fields_present,227
MRP,common_stock,profile_fields_present,359
MRSN,common_stock,profile_fields_present,505
MRTN,common_stock,profile_fields_present,628
MRTX,common_stock,profile_fields_present,13
MRUS,common_stock,profile_fields_present,557
MRVI,common_stock,profile_fields_present,615
MRX,common_stock,profile_fields_present,664
MSBI,common_stock,profile_fields_present,625
MSBT,etf,name_contains:ETF,43
MSEX,common_stock,profile_fields_present,610
MSGE,common_stock,profile_fields_present,660
MSPRZ,non_common_series,symbol_suffix:fifth_char_Z+inactive,496
MSSA,spac_or_blank_check,name_contains:ACQUISITION CORPORATION,306
MSSAR,spac_or_blank_check,name_contains:ACQUISITION CORPORATION,529
MTA,common_stock,profile_fields_present,659
MTBL,common_stock,profile_fields_present,63
MTC,common_stock,profile_fields_present,639
MTH,common_stock,profile_fields_present,623
MTN,common_stock,profile_fields_present,610
MTRN,common_stock,profile_fields_present,656
MTRX,common_stock,profile_fields_present,624
MTTR,common_stock,profile_fields_present,315
MTUS,common_stock,profile_fields_present,623
MTW,common_stock,profile_fields_present,619
MTX,common_stock,profile_fields_present,640
MUE,mutual_fund,raw_flag:isFund,549
MUI,mutual_fund,raw_flag:isFund,340
MULN,common_stock,profile_fields_present,393
MURA,common_stock,profile_fields_present,485
MUX,common_stock,profile_fields_present,646
MVBF,common_stock,profile_fields_present,625
MVF,mutual_fund,raw_flag:isFund,562
MVPS,etf,is_etf=True,326
MVT,mutual_fund,raw_flag:isFund,551
MWA,common_stock,profile_fields_present,644
MX,common_stock,profile_fields_present,616
MYD,mutual_fund,raw_flag:isFund,516
MYE,common_stock,profile_fields_present,655
MYFW,common_stock,profile_fields_present,648
MYGN,common_stock,profile_fields_present,626
MYMD,common_stock,profile_fields_present,140
MYNA,adr,raw_flag:isAdr,301
MYNZ,common_stock,profile_fields_present,550
MYTE,adr,raw_flag:isAdr,347
MZTI,common_stock,profile_fields_present,610
NABL,common_stock,profile_fields_present,613
NAGE,common_stock,profile_fields_present,650
NAKA,common_stock,profile_fields_present,516
NAMS,common_stock,profile_fields_present,634
NAOV,common_stock,profile_fields_present,489
NAPA,common_stock,profile_fields_present,267
NARI,common_stock,profile_fields_present,293
NAT,common_stock,profile_fields_present,646
NATH,common_stock,profile_fields_present,634
NATL,common_stock,profile_fields_present,643
NATR,common_stock,profile_fields_present,640
NAUT,common_stock,profile_fields_present,616
NAVI,common_stock,profile_fields_present,610
NAVN,common_stock,profile_fields_present,43
NAYA,common_stock,profile_fields_present,323
NB,common_stock,profile_fields_present,631
NBBK,common_stock,profile_fields_present,640
NBCC,etf,is_etf=True,483
NBEV,common_stock,profile_fields_present,178
NBGR,etf,is_etf=True,273
NBHC,common_stock,profile_fields_present,627
NBN,common_stock,profile_fields_present,650
NBR,common_stock,profile_fields_present,633
NBSE,common_stock,profile_fields_present,90
NBTB,common_stock,profile_fields_present,622
NBY,common_stock,profile_fields_present,581
NC,common_stock,profile_fields_present,636
NCAC,spac_or_blank_check,name_contains:ACQUISITION CORP,16
NCEW,common_stock,profile_fields_present,372
NCMI,common_stock,profile_fields_present,636
NCNC,common_stock,profile_fields_present,227
NCNO,common_stock,profile_fields_present,622
NCSM,common_stock,profile_fields_present,655
NDLS,common_stock,profile_fields_present,623
NDP,mutual_fund,raw_flag:isFund,288
NDVG,etf,is_etf=True,653
NECB,common_stock,profile_fields_present,641
NEGG,common_stock,profile_fields_present,617
NEHC,common_stock,profile_fields_present,429
NEN,common_stock,profile_fields_present,645
NEOG,common_stock,profile_fields_present,615
NEP,common_stock,profile_fields_present,291
NEPH,common_stock,profile_fields_present,625
NERV,common_stock,profile_fields_present,618
NESR,common_stock,profile_fields_present,674
NETD,spac_or_blank_check,industry_description:SHELL_COMPANIES+BUSINESS_COMBINATION,586
NETZ,etf,is_etf=True,368
NEUE,common_stock,profile_fields_present,441
NEWP,common_stock,profile_fields_present,641
NEWT,common_stock,profile_fields_present,616
NEWTL,non_common_series,symbol_suffix:fifth_char_L+inactive,164
NEWTO,exchange_traded_debt,name_contains:NOTES,589
NEXA,common_stock,profile_fields_present,648
NEXM,common_stock,profile_fields_present,232
NEXT,common_stock,profile_fields_present,623
NFBK,common_stock,profile_fields_present,625
NFTG,common_stock,profile_fields_present,6
NFYS,spac_or_blank_check,name_contains:ACQUISITION CORP,144
NG,common_stock,profile_fields_present,641
NGD,common_stock,profile_fields_present,650
NGE,etf,is_etf=True,57
NGL,common_stock,profile_fields_present,645
NGM,common_stock,profile_fields_present,64
NGMS,common_stock,profile_fields_present,89
NGNE,common_stock,profile_fields_present,630
NGS,common_stock,profile_fields_present,677
NGVC,common_stock,profile_fields_present,653
NGVT,common_stock,profile_fields_present,643
NH,common_stock,profile_fields_present,262
NHC,common_stock,profile_fields_present,663
NHI,common_stock,profile_fields_present,670
NHP,common_stock,profile_fields_present,32
NHPAP,preferred,symbol_suffix:fifth_char_P,652
NHPBP,preferred,symbol_suffix:fifth_char_P,635
NIC,common_stock,profile_fields_present,653
NINE,common_stock,profile_fields_present,47
NIQ,common_stock,profile_fields_present,220
NISN,common_stock,profile_fields_present,549
NKLR,common_stock,profile_fields_present,165
NKSH,common_stock,profile_fields_present,626
NKTR,common_stock,profile_fields_present,655
NKTX,common_stock,profile_fields_present,626
NL,common_stock,profile_fields_present,627
NLOP,common_stock,profile_fields_present,637
NLSP,common_stock,profile_fields_present,460
NMAX,common_stock,profile_fields_present,298
NMIH,common_stock,profile_fields_present,649
NMM,common_stock,profile_fields_present,672
NMRK,common_stock,profile_fields_present,647
NN,common_stock,profile_fields_present,649
NNBR,common_stock,profile_fields_present,625
NNE,common_stock,profile_fields_present,618
NNI,common_stock,profile_fields_present,641
NNNN,common_stock,profile_fields_present,347
NOA,common_stock,profile_fields_present,612
NODK,common_stock,profile_fields_present,622
NOEM,common_stock,profile_fields_present,420
NOG,common_stock,profile_fields_present,613
NOM,mutual_fund,raw_flag:isFund,610
NOMA,common_stock,profile_fields_present,148
NOMD,common_stock,profile_fields_present,614
NOVA,common_stock,profile_fields_present,363
NOVV,spac_or_blank_check,name_contains:ACQUISITION CORPORATION,295
NP,common_stock,profile_fields_present,172
NPAB,spac_or_blank_check,name_contains:ACQUISITION CORP,225
NPB,common_stock,profile_fields_present,350
NPCE,common_stock,profile_fields_present,629
NPK,common_stock,profile_fields_present,658
NPKI,common_stock,profile_fields_present,661
NPT,common_stock,profile_fields_present,160
NQP,mutual_fund,raw_flag:isFund,615
NR,common_stock,profile_fields_present,254
NRAC,spac_or_blank_check,name_contains:ACQUISITION CORPORATION,43
NRBO,common_stock,profile_fields_present,230
NRC,common_stock,profile_fields_present,619
NRDS,common_stock,profile_fields_present,612
NREF,common_stock,profile_fields_present,616
NRGV,common_stock,profile_fields_present,630
NRIM,common_stock,profile_fields_present,645
NRIX,common_stock,profile_fields_present,629
NRP,common_stock,profile_fields_present,630
NRT,common_stock,profile_fields_present,624
NRXP,common_stock,profile_fields_present,614
NRXS,common_stock,profile_fields_present,635
NS,common_stock,profile_fields_present,98
NSA,common_stock,profile_fields_present,632
NSCR,etf,is_etf=True,570
NSCS,etf,is_etf=True,392
NSIT,common_stock,profile_fields_present,625
NSP,common_stock,profile_fields_present,610
NSS,common_stock,profile_fields_present,104
NSSC,common_stock,profile_fields_present,645
NSTB,spac_or_blank_check,industry_description:SHELL_COMPANIES+BUSINESS_COMBINATION,265
NSTC,spac_or_blank_check,industry_description:SHELL_COMPANIES+BUSINESS_COMBINATION,259
NSTD,spac_or_blank_check,industry_description:SHELL_COMPANIES+BUSINESS_COMBINATION,281
NSTS,common_stock,profile_fields_present,646
NSYS,common_stock,profile_fields_present,633
NTB,common_stock,profile_fields_present,669
NTBL,common_stock,profile_fields_present,197
NTCL,common_stock,profile_fields_present,385
NTCO,adr,raw_flag:isAdr,27
NTCT,common_stock,profile_fields_present,646
NTG,mutual_fund,raw_flag:isFund,298
NTGR,common_stock,profile_fields_present,637
NTHI,common_stock,profile_fields_present,306
NTIC,common_stock,profile_fields_present,628
NTLA,common_stock,profile_fields_present,614
NTRB,common_stock,profile_fields_present,625
NTSK,common_stock,profile_fields_present,180
NTST,common_stock,profile_fields_present,635
NTWK,common_stock,profile_fields_present,634
NUAI,common_stock,profile_fields_present,208
NUBI,spac_or_blank_check,industry_description:SHELL_COMPANIES+BUSINESS_COMBINATION,22
NUCL,common_stock,profile_fields_present,71
NUKK,common_stock,profile_fields_present,528
NURO,common_stock,profile_fields_present,335
NUS,common_stock,profile_fields_present,621
NUSI,etf,is_etf=True,360
NUTR,common_stock,profile_fields_present,38
NUTX,common_stock,profile_fields_present,638
NUVB,common_stock,profile_fields_present,634
NUVO,common_stock,profile_fields_present,168
NUZE,common_stock,profile_fields_present,210
NVACR,spac_or_blank_check,name_contains:ACQUISITION CORPORATION,249
NVAX,common_stock,profile_fields_present,620
NVCR,common_stock,profile_fields_present,614
NVCT,common_stock,profile_fields_present,613
NVEC,common_stock,profile_fields_present,621
NVEE,common_stock,profile_fields_present,399
NVEI,common_stock,profile_fields_present,237
NVFY,common_stock,profile_fields_present,485
NVGS,common_stock,profile_fields_present,663
NVIV,common_stock,profile_fields_present,29
NVQ,etf,is_etf=True,30
NVRI,common_stock,profile_fields_present,646
NVRO,common_stock,profile_fields_present,63
NVST,common_stock,profile_fields_present,624
NVTA,common_stock,profile_fields_present,24
NWBI,common_stock,profile_fields_present,624
NWE,common_stock,profile_fields_present,646
NWFL,common_stock,profile_fields_present,617
NWL,common_stock,profile_fields_present,617
NWLG,etf,is_etf=True,642
NWLI,common_stock,profile_fields_present,143
NWN,common_stock,profile_fields_present,648
NWPX,common_stock,profile_fields_present,667
NWTN,common_stock,profile_fields_present,413
NX,common_stock,profile_fields_present,617
NXB,common_stock,profile_fields_present,610
NXC,closed_end_fund,raw_description:CLOSED_END_MUTUAL_FUND,516
NXDR,common_stock,profile_fields_present,611
NXJ,mutual_fund,raw_flag:isFund,612
NXN,mutual_fund,raw_flag:isFund,516
NXP,closed_end_fund,raw_description:CLOSED_ENDED_MUTUAL_FUND,621
NXRT,common_stock,profile_fields_present,623
NXU,common_stock,profile_fields_present,320
NYAX,common_stock,profile_fields_present,676
NYCB,common_stock,profile_fields_present,222
NYMT,common_stock,profile_fields_present,421
NYMTG,common_stock,profile_fields_present,419
NYMTH,exchange_traded_debt,name_contains:NOTES,45
NYMTI,common_stock,profile_fields_present,294
NYMTL,non_common_series,symbol_suffix:fifth_char_L+inactive,456
NYMTM,preferred,symbol_suffix:fifth_char_M+inactive,453
NYMTN,preferred,symbol_suffix:fifth_char_N+inactive,443
NYMTP,preferred,symbol_suffix:fifth_char_P,419
NYMTZ,non_common_series,symbol_suffix:fifth_char_Z+inactive,437
NZUS,etf,is_etf=True,670
OABI,common_stock,profile_fields_present,619
OAKU,spac_or_blank_check,name_contains:ACQUISITION CORPORATION,705
OB,common_stock,profile_fields_present,286
OBDE,business_development_company,name_industry:CAPITAL_CORPORATION_BDC,245
OBE,common_stock,profile_fields_present,649
OBIO,common_stock,profile_fields_present,610
OBK,common_stock,profile_fields_present,639
OBLG,common_stock,profile_fields_present,488
OBT,common_stock,profile_fields_present,625
OCC,common_stock,profile_fields_present,638
OCCI,common_stock,profile_fields_present,610
OCEN,etf,is_etf=True,326
OCFC,common_stock,profile_fields_present,619
OCFCP,preferred,symbol_suffix:fifth_char_P,358
OCFS,etf,is_etf=True,382
OCFT,adr,raw_flag:isAdr,517
OCN,common_stock,profile_fields_present,110
OCS,common_stock,profile_fields_present,644
OCTO,common_stock,profile_fields_present,426
OCTVV,common_stock,profile_fields_present,11
OCUL,common_stock,profile_fields_present,632
OCUP,common_stock,profile_fields_present,205
OCX,common_stock,profile_fields_present,370
ODC,common_stock,profile_fields_present,666
ODD,common_stock,profile_fields_present,627
ODTX,common_stock,profile_fields_present,20
ODV,common_stock,profile_fields_present,626
ODYS,common_stock,profile_fields_present,628
OEC,common_stock,profile_fields_present,610
OESX,common_stock,profile_fields_present,623
OFG,common_stock,profile_fields_present,625
OFIX,common_stock,profile_fields_present,614
OFLX,common_stock,profile_fields_present,610
OFOS,etf,is_etf=True,358
OFRM,common_stock,profile_fields_present,610
OGCP,common_stock,profile_fields_present,631
OGN,common_stock,profile_fields_present,619
OGS,common_stock,profile_fields_present,637
OI,common_stock,profile_fields_present,625
OII,common_stock,profile_fields_present,628
OIS,common_stock,profile_fields_present,645
OKUR,common_stock,profile_fields_present,616
OLED,common_stock,profile_fields_present,624
OLK,adr,raw_flag:isAdr,130
OLLI,common_stock,profile_fields_present,643
OLMA,common_stock,profile_fields_present,621
OLN,common_stock,profile_fields_present,617
OLO,common_stock,profile_fields_present,451
OLP,common_stock,profile_fields_present,635
OLPX,common_stock,profile_fields_present,638
OM,common_stock,profile_fields_present,610
OMCL,common_stock,profile_fields_present,620
OMDA,common_stock,profile_fields_present,258
OMER,common_stock,profile_fields_present,621
OMI,common_stock,profile_fields_present,518
OMIC,common_stock,profile_fields_present,288
OMSE,common_stock,profile_fields_present,268
ONCT,common_stock,profile_fields_present,231
ONDS,common_stock,profile_fields_present,531
ONEW,common_stock,profile_fields_present,610
ONIT,common_stock,profile_fields_present,637
ONL,common_stock,profile_fields_present,610
ONT,common_stock,profile_fields_present,610
ONTF,common_stock,profile_fields_present,575
ONVO,common_stock,profile_fields_present,328
ONYX,spac_or_blank_check,name_contains:ACQUISITION CO,236
OOMA,common_stock,profile_fields_present,643
OOQB,etf,is_etf=True,311
OOSB,etf,is_etf=True,309
OOTO,etf,is_etf=True,415
OP,common_stock,profile_fields_present,591
OPA,spac_or_blank_check,industry_description:SHELL_COMPANIES+BUSINESS_COMBINATION,14
OPAL,common_stock,profile_fields_present,589
OPBK,common_stock,profile_fields_present,639
OPCH,common_stock,profile_fields_present,620
OPEN,common_stock,profile_fields_present,618
OPFI,common_stock,profile_fields_present,634
OPHC,common_stock,profile_fields_present,639
OPI,common_stock,profile_fields_present,443
OPINL,non_common_series,symbol_suffix:fifth_char_L+inactive,443
OPLN,common_stock,profile_fields_present,676
OPOF,common_stock,profile_fields_present,475
OPRT,common_stock,profile_fields_present,620
OPRX,common_stock,profile_fields_present,628
OPTN,common_stock,profile_fields_present,347
OPTX,common_stock,profile_fields_present,625
OPXS,common_stock,profile_fields_present,643
OPY,common_stock,profile_fields_present,664
ORAN,adr,raw_flag:isAdr,218
ORC,common_stock,profile_fields_present,610
ORGO,common_stock,profile_fields_present,613
ORIC,common_stock,profile_fields_present,624
ORKA,common_stock,profile_fields_present,652
ORLA,common_stock,profile_fields_present,674
ORMP,common_stock,profile_fields_present,632
ORN,common_stock,profile_fields_present,649
ORRF,common_stock,profile_fields_present,633
ORTX,adr,raw_flag:isAdr,18
OS,common_stock,profile_fields_present,566
OSBC,common_stock,profile_fields_present,643
OSG,common_stock,profile_fields_present,613
OSI,spac_or_blank_check,name_contains:ACQUISITION CORP,94
OSIS,common_stock,profile_fields_present,669
OSPN,common_stock,profile_fields_present,641
OSS,common_stock,profile_fields_present,650
OSUR,common_stock,profile_fields_present,615
OSW,common_stock,profile_fields_present,656
OTEC,spac_or_blank_check,industry_description:SHELL_COMPANIES+BUSINESS_COMBINATION,18
OTH,common_stock,profile_fields_present,133
OTRK,common_stock,profile_fields_present,529
OTTR,common_stock,profile_fields_present,625
OUST,common_stock,profile_fields_present,638
OVBC,common_stock,profile_fields_present,653
OVID,common_stock,profile_fields_present,623
OVLY,common_stock,profile_fields_present,632
OWLS,common_stock,profile_fields_present,160
OWLT,common_stock,profile_fields_present,639
OXLCM,business_development_company,name_industry:CAPITAL_CORPORATION_BDC,124
OXM,common_stock,profile_fields_present,611
OXSQZ,business_development_company,raw_description:BUSINESS_DEVELOPMENT_COMPANY,469
OXUS,spac_or_blank_check,name_contains:ACQUISITION CORP,33
OZ,common_stock,profile_fields_present,612
PACK,common_stock,profile_fields_present,627
PAGP,common_stock,profile_fields_present,657
PAGS,common_stock,profile_fields_present,630
PAHC,common_stock,profile_fields_present,663
PAL,common_stock,profile_fields_present,611
PALT,common_stock,profile_fields_present,260
PAMT,common_stock,profile_fields_present,611
PANL,common_stock,profile_fields_present,635
PAR,common_stock,profile_fields_present,642
PARA,common_stock,profile_fields_present,409
PARAA,common_stock,profile_fields_present,402
PARAP,preferred,symbol_suffix:fifth_char_P,60
PARK,common_stock,profile_fields_present,611
PARR,common_stock,profile_fields_present,655
PATK,common_stock,profile_fields_present,657
PAX,common_stock,profile_fields_present,635
PAY,common_stock,profile_fields_present,630
PAYO,common_stock,profile_fields_present,650
PAYS,common_stock,profile_fields_present,633
PBAX,spac_or_blank_check,name_contains:ACQUISITION CORP,33
PBBK,common_stock,profile_fields_present,543
PBF,common_stock,profile_fields_present,499
PBFS,common_stock,profile_fields_present,661
PBH,common_stock,profile_fields_present,637
PBHC,common_stock,profile_fields_present,612
PBI,common_stock,profile_fields_present,659
PBYI,common_stock,profile_fields_present,634
PC,common_stock,profile_fields_present,610
PCB,common_stock,profile_fields_present,635
PCEM,etf,is_etf=True,410
PCH,common_stock,profile_fields_present,524
PCK,mutual_fund,raw_flag:isFund,414
PCRX,common_stock,profile_fields_present,610
PCT,common_stock,profile_fields_present,628
PCYG,common_stock,profile_fields_present,262
PCYO,common_stock,profile_fields_present,624
PD,common_stock,profile_fields_present,610
PDCC,common_stock,profile_fields_present,475
PDCO,common_stock,profile_fields_present,327
PDEX,common_stock,profile_fields_present,651
PDFS,common_stock,profile_fields_present,633
PDLB,common_stock,profile_fields_present,663
PDM,common_stock,profile_fields_present,637
PDPA,common_stock,profile_fields_present,380
PDS,common_stock,profile_fields_present,643
PDYN,common_stock,profile_fields_present,616
PEAK,common_stock,profile_fields_present,42
PEB,common_stock,profile_fields_present,635
PEBK,common_stock,profile_fields_present,648
PEBO,common_stock,profile_fields_present,626
PED,common_stock,profile_fields_present,613
PEGR,spac_or_blank_check,name_contains:ACQUISITION CORP,176
PEGY,common_stock,profile_fields_present,223
PELI,spac_or_blank_check,name_contains:ACQUISITION CORPORATION,246
PELIR,spac_or_blank_check,name_contains:ACQUISITION CORPORATION,214
PENG,common_stock,profile_fields_present,642
PENN,common_stock,profile_fields_present,612
PERI,common_stock,profile_fields_present,611
PESI,common_stock,profile_fields_present,621
PET,common_stock,profile_fields_present,529
PETQ,common_stock,profile_fields_present,228
PEV,common_stock,profile_fields_present,323
PEW,common_stock,profile_fields_present,633
PFAI,common_stock,profile_fields_present,284
PFC,common_stock,profile_fields_present,300
PFIE,common_stock,profile_fields_present,282
PFIS,common_stock,profile_fields_present,636
PFS,common_stock,profile_fields_present,629
PFSI,common_stock,profile_fields_present,643
PFTA,spac_or_blank_check,name_contains:ACQUISITION CORPORATION,277
PGAL,etf,is_etf=True,32
PGC,common_stock,profile_fields_present,637
PGEN,common_stock,profile_fields_present,628
PGHL,common_stock,profile_fields_present,207
PGNY,common_stock,profile_fields_present,616
PGRE,common_stock,profile_fields_present,515
PGRU,common_stock,profile_fields_present,291
PGSS,spac_or_blank_check,name_contains:ACQUISITION CORP,113
PGTI,common_stock,profile_fields_present,77
PGY,common_stock,profile_fields_present,641
PHAT,common_stock,profile_fields_present,627
PHB,etf,is_etf=True,559
PHD,mutual_fund,raw_flag:isFund,468
PHH,common_stock,profile_fields_present,482
PHIN,common_stock,profile_fields_present,677
PHOE,common_stock,profile_fields_present,287
PHR,common_stock,profile_fields_present,616
PHT,mutual_fund,raw_flag:isFund,488
PHVS,common_stock,profile_fields_present,628
PHX,common_stock,profile_fields_present,392
PHYT,spac_or_blank_check,name_contains:ACQUISITION CORP,300
PI,common_stock,profile_fields_present,641
PICS,common_stock,profile_fields_present,88
PII,common_stock,profile_fields_present,611
PIII,common_stock,profile_fields_present,614
PIK,common_stock,profile_fields_present,248
PIN,etf,is_etf=True,579
PINC,common_stock,profile_fields_present,493
PINE,common_stock,profile_fields_present,627
PIRS,common_stock,profile_fields_present,240
PITA,common_stock,profile_fields_present,332
PIXY,common_stock,profile_fields_present,206
PJT,common_stock,profile_fields_present,659
PK,common_stock,profile_fields_present,624
PKBK,common_stock,profile_fields_present,651
PKE,common_stock,profile_fields_present,648
PKOH,common_stock,profile_fields_present,632
PLAB,common_stock,profile_fields_present,629
PLAY,common_stock,profile_fields_present,618
PLBC,common_stock,profile_fields_present,634
PLBL,common_stock,profile_fields_present,210
PLCE,common_stock,profile_fields_present,610
PLGO,common_stock,profile_fields_present,610
PLL,common_stock,profile_fields_present,417
PLMI,spac_or_blank_check,name_contains:ACQUISITION CORP,178
PLMR,common_stock,profile_fields_present,672
PLNT,common_stock,profile_fields_present,644
PLOW,common_stock,profile_fields_present,646
PLPC,common_stock,profile_fields_present,665
PLSE,common_stock,profile_fields_present,626
PLT,etf,is_etf=True,109
PLTK,common_stock,profile_fields_present,610
PLTN,spac_or_blank_check,name_contains:ACQUISITION CORP,108
PLUG,common_stock,profile_fields_present,613
PLUS,common_stock,profile_fields_present,629
PLUT,common_stock,profile_fields_present,336
PLYM,common_stock,profile_fields_present,520
PLYX,common_stock,profile_fields_present,87
PMD,common_stock,profile_fields_present,232
PMF,mutual_fund,raw_flag:isFund,410
PMGM,spac_or_blank_check,name_contains:ACQUISITION CORP,89
PMT,common_stock,profile_fields_present,610
PMTS,common_stock,profile_fields_present,621
PMTU,common_stock,profile_fields_present,631
PMX,mutual_fund,raw_flag:isFund,406
PNF,mutual_fund,raw_flag:isFund,400
PNM,common_stock,profile_fields_present,148
PNRG,common_stock,profile_fields_present,643
PNTG,common_stock,profile_fields_present,668
POAI,common_stock,profile_fields_present,490
POCI,common_stock,profile_fields_present,614
PODC,common_stock,profile_fields_present,627
POET,common_stock,profile_fields_present,622
POST,common_stock,profile_fields_present,631
POWI,common_stock,profile_fields_present,620
POWW,common_stock,profile_fields_present,503
PP,etf,is_etf=True,301
PPBI,common_stock,profile_fields_present,419
PPHC,common_stock,profile_fields_present,612
PPHP,spac_or_blank_check,name_contains:ACQUISITION CORP,75
PPHPR,spac_or_blank_check,name_contains:ACQUISITION CORP,64
PPIH,common_stock,profile_fields_present,656
PPLI,common_stock,profile_fields_present,616
PPSI,common_stock,profile_fields_present,614
PPTA,common_stock,profile_fields_present,665
PRA,common_stock,profile_fields_present,644
PRAA,common_stock,profile_fields_present,618
PRB,common_stock,profile_fields_present,206
PRCH,common_stock,profile_fields_present,648
PRCT,common_stock,profile_fields_present,637
PRDO,common_stock,profile_fields_present,656
PRE,common_stock,profile_fields_present,634
PRG,common_stock,profile_fields_present,623
PRGO,common_stock,profile_fields_present,610
PRGS,common_stock,profile_fields_present,620
PRK,common_stock,profile_fields_present,629
PRKS,common_stock,profile_fields_present,613
PRLB,common_stock,profile_fields_present,645
PRLD,common_stock,profile_fields_present,620
PRLH,spac_or_blank_check,name_contains:ACQUISITION CORP,289
PRME,common_stock,profile_fields_present,615
PRMN,etf,is_etf=True,308
PRMW,common_stock,profile_fields_present,270
PRO,common_stock,profile_fields_present,486
PROC,common_stock,profile_fields_present,478
PROF,common_stock,profile_fields_present,613
PROV,common_stock,profile_fields_present,639
PRPO,common_stock,profile_fields_present,637
PRSU,common_stock,profile_fields_present,623
PRTA,common_stock,profile_fields_present,611
PRTH,common_stock,profile_fields_present,629
PRTS,common_stock,profile_fields_present,610
PRVA,common_stock,profile_fields_present,622
PSFE,common_stock,profile_fields_present,625
PSIG,common_stock,profile_fields_present,494
PSIX,common_stock,profile_fields_present,678
PSNL,common_stock,profile_fields_present,626
PSNY,common_stock,profile_fields_present,610
PSTG,common_stock,profile_fields_present,620
PSTL,common_stock,profile_fields_present,660
PSTX,common_stock,profile_fields_present,264
PSUS,closed_end_fund,raw_description:CLOSED_END_SUBJECT_POSITION,27
PSYK,etf,is_etf=True,56
PT,adr,raw_flag:isAdr,516
PTEN,common_stock,profile_fields_present,631
PTLO,common_stock,profile_fields_present,610
PTMN,business_development_company,raw_description:BUSINESS_DEVELOPMENT_COMPANY,384
PTN,common_stock,profile_fields_present,591
PTNM,common_stock,profile_fields_present,88
PTON,common_stock,profile_fields_present,620
PTRA,common_stock,profile_fields_present,262
PTRN,common_stock,profile_fields_present,183
PTSI,common_stock,profile_fields_present,215
PTVE,common_stock,profile_fields_present,358
PTWO,spac_or_blank_check,industry_description:SHELL_COMPANIES+BUSINESS_COMBINATION,192
PUBM,common_stock,profile_fields_present,620
PUMP,common_stock,profile_fields_present,640
PURR,common_stock,profile_fields_present,145
PUSA,common_stock,profile_fields_present,330
PVBC,common_stock,profile_fields_present,496
PVH,common_stock,profile_fields_present,628
PVLA,common_stock,profile_fields_present,654
PWM,common_stock,profile_fields_present,447
PWOD,common_stock,profile_fields_present,416
PWP,common_stock,profile_fields_present,655
PWSC,common_stock,profile_fields_present,190
PWUP,spac_or_blank_check,name_contains:ACQUISITION CORP,297
PX,common_stock,profile_fields_present,545
PXD,common_stock,profile_fields_present,96
PXDT,adr,raw_flag:isAdr,220
PXED,common_stock,profile_fields_present,166
PXLW,common_stock,profile_fields_present,625
PXS,common_stock,profile_fields_present,627
PXSAP,preferred,symbol_suffix:fifth_char_P,209
PYCR,common_stock,profile_fields_present,324
PYN,mutual_fund,raw_flag:isFund,405
PYPD,common_stock,profile_fields_present,630
PZC,mutual_fund,raw_flag:isFund,398
PZZA,common_stock,profile_fields_present,610
QCRH,common_stock,profile_fields_present,644
QD,adr,raw_flag:isAdr,510
QDCC,etf,is_etf=True,345
QDEL,common_stock,profile_fields_present,610
QDRO,spac_or_blank_check,industry_description:SHELL_COMPANIES+BUSINESS_COMBINATION,98
QDWN,etf,is_etf=True,184
QFTA,spac_or_blank_check,name_contains:ACQUISITION CORPORATION,27
QIPT,common_stock,profile_fields_present,577
QIWI,adr,raw_flag:isAdr,129
QLGN,common_stock,profile_fields_present,474
QLYS,common_stock,profile_fields_present,610
QMCO,common_stock,profile_fields_present,617
QNC,common_stock,profile_fields_present,610
QNST,common_stock,profile_fields_present,630
QNT,common_stock,profile_fields_present,2
QOMO,spac_or_blank_check,name_contains:ACQUISITION CORP,261
QOMOR,spac_or_blank_check,name_contains:ACQUISITION CORP,228
QQJG,etf,is_etf=True,592
QRTEA,common_stock,profile_fields_present,286
QRTEB,common_stock,profile_fields_present,286
QRTEP,preferred,symbol_suffix:fifth_char_P,288
QS,common_stock,profile_fields_present,620
QSG,adr,raw_flag:isAdr,481
QSWN,etf,is_etf=True,331
QTI,common_stock,profile_fields_present,589
QTRX,common_stock,profile_fields_present,610
QTTB,common_stock,profile_fields_present,640
QTWO,common_stock,profile_fields_present,661
QUAD,common_stock,profile_fields_present,629
QUBT,common_stock,profile_fields_present,622
QUIK,common_stock,profile_fields_present,645
QUP,etf,is_etf=True,208
QURE,common_stock,profile_fields_present,627
QVCC,common_stock,profile_fields_present,607
QXL,common_stock,profile_fields_present,610
RACC,common_stock,profile_fields_present,14
RAI,common_stock,profile_fields_present,171
RAIL,common_stock,profile_fields_present,651
RAMP,common_stock,profile_fields_present,615
RAPP,common_stock,profile_fields_present,513
RAPT,common_stock,profile_fields_present,575
RARE,common_stock,profile_fields_present,620
RATE,etf,is_etf=True,417
RAVE,common_stock,profile_fields_present,625
RAYC,etf,is_etf=True,489
RAYD,etf,is_etf=True,602
RBB,common_stock,profile_fields_present,632
RBBN,common_stock,profile_fields_present,625
RBCAA,common_stock,profile_fields_present,634
RBCP,common_stock,profile_fields_present,199
RBKB,common_stock,profile_fields_present,657
RBNEV,common_stock,profile_fields_present,6
RBT,common_stock,profile_fields_present,109
RCAC,spac_or_blank_check,name_contains:ACQUISITION CORP,64
RCAT,common_stock,profile_fields_present,651
RCB,common_stock,profile_fields_present,611
RCC,common_stock,profile_fields_present,549
RCD,common_stock,profile_fields_present,366
RCEL,common_stock,profile_fields_present,610
RCFA,spac_or_blank_check,name_contains:ACQUISITION CORP,258
RCKT,common_stock,profile_fields_present,610
RCKY,common_stock,profile_fields_present,628
RCM,common_stock,profile_fields_present,222
RCMT,common_stock,profile_fields_present,627
RCRT,common_stock,profile_fields_present,192
RCUS,common_stock,profile_fields_present,622
RDCM,common_stock,profile_fields_present,629
RDFN,common_stock,profile_fields_present,378
RDIB,common_stock,profile_fields_present,613
RDN,common_stock,profile_fields_present,636
RDNT,common_stock,profile_fields_present,653
RDNW,common_stock,profile_fields_present,405
RDUS,common_stock,profile_fields_present,401
RDVT,common_stock,profile_fields_present,662
RDW,common_stock,profile_fields_present,655
RDWR,common_stock,profile_fields_present,632
REA,common_stock,profile_fields_present,22
REFI,common_stock,profile_fields_present,610
REKT,etf,is_etf=True,437
RELI,common_stock,profile_fields_present,518
RELL,common_stock,profile_fields_present,626
RELY,common_stock,profile_fields_present,628
RENB,common_stock,profile_fields_present,438
RENE,common_stock,profile_fields_present,717
RENW,etf,is_etf=True,239
REPL,common_stock,profile_fields_present,611
REPX,common_stock,profile_fields_present,629
RES,common_stock,profile_fields_present,620
RESP,etf,is_etf=True,24
REVE,spac_or_blank_check,name_contains:ACQUISITION CORPORATION,196
REVG,common_stock,profile_fields_present,587
REX,common_stock,profile_fields_present,649
REYN,common_stock,profile_fields_present,622
REZI,common_stock,profile_fields_present,651
RFAC,spac_or_blank_check,name_contains:ACQUISITION CORP,386
RFIL,common_stock,profile_fields_present,648
RGCO,common_stock,profile_fields_present,617
RGF,common_stock,profile_fields_present,547
RGI,etf,is_etf=True,381
RGLS,common_stock,profile_fields_present,388
RGNX,common_stock,profile_fields_present,623
RGP,common_stock,profile_fields_present,610
RGR,common_stock,profile_fields_present,619
RGS,common_stock,profile_fields_present,620
RH,common_stock,profile_fields_present,620
RHE,common_stock,profile_fields_present,294
RHI,common_stock,profile_fields_present,610
RHLD,common_stock,profile_fields_present,357
RHLDV,common_stock,profile_fields_present,5
RICK,common_stock,profile_fields_present,610
RIDE,common_stock,profile_fields_present,262
RIGL,common_stock,profile_fields_present,635
RILY,common_stock,profile_fields_present,617
RILYK,exchange_traded_debt,name_contains:NOTES,614
RILYO,preferred,symbol_suffix:fifth_char_O+inactive,122
RINC,etf,is_etf=True,435
RJET,common_stock,profile_fields_present,611
RJMG,etf,is_etf=True,541
RKTO,common_stock,profile_fields_present,1
RLAY,common_stock,profile_fields_present,637
RLGT,common_stock,profile_fields_present,627
RLI,common_stock,profile_fields_present,637
RLJ,common_stock,profile_fields_present,630
RLMD,common_stock,profile_fields_present,648
RLYB,common_stock,profile_fields_present,620
RM,common_stock,profile_fields_present,638
RMAX,common_stock,profile_fields_present,612
RMBI,common_stock,profile_fields_present,636
RMBL,common_stock,profile_fields_present,405
RMCO,common_stock,profile_fields_present,630
RMGC,spac_or_blank_check,name_contains:ACQUISITION CORP,76
RMIX,common_stock,profile_fields_present,267
RMNI,common_stock,profile_fields_present,621
RMR,common_stock,profile_fields_present,619
RNA,common_stock,profile_fields_present,69
RNAC,common_stock,profile_fields_present,610
RNAM,common_stock,profile_fields_present,542
RNER,spac_or_blank_check,name_contains:ACQUISITION CORP,178
RNG,common_stock,profile_fields_present,623
RNGR,common_stock,profile_fields_present,637
RNMC,etf,is_etf=True,317
RNSC,etf,is_etf=True,314
RNST,common_stock,profile_fields_present,626
RNW,common_stock,profile_fields_present,621
ROC,common_stock,profile_fields_present,76
ROCK,common_stock,profile_fields_present,619
ROCL,spac_or_blank_check,industry_description:SHELL_COMPANIES+BUSINESS_COMBINATION,258
ROG,common_stock,profile_fields_present,635
ROI,common_stock,profile_fields_present,39
ROIC,common_stock,profile_fields_present,306
ROLLP,preferred,symbol_suffix:fifth_char_P,178
ROLR,common_stock,profile_fields_present,408
ROMA,common_stock,profile_fields_present,639
ROOF,etf,is_etf=True,240
ROOT,common_stock,profile_fields_present,645
RORO,etf,is_etf=True,466
ROSS,spac_or_blank_check,name_contains:ACQUISITION CORP,68
ROVR,common_stock,profile_fields_present,43
RPAY,common_stock,profile_fields_present,616
RPC,common_stock,profile_fields_present,610
RPD,common_stock,profile_fields_present,611
RPHM,common_stock,profile_fields_present,191
RPT,common_stock,profile_fields_present,610
RPTX,common_stock,profile_fields_present,530
RR,common_stock,profile_fields_present,615
RRAC,spac_or_blank_check,name_contains:ACQUISITION CORP,312
RRBI,common_stock,profile_fields_present,648
RRGB,common_stock,profile_fields_present,612
RRR,common_stock,profile_fields_present,635
RSKD,common_stock,profile_fields_present,619
RSLS,common_stock,profile_fields_present,407
RSSS,common_stock,profile_fields_present,625
RSVR,common_stock,profile_fields_present,645
RTC,common_stock,profile_fields_present,529
RUFF,etf,is_etf=True,203
RUM,common_stock,profile_fields_present,613
RUN,common_stock,profile_fields_present,618
RVLV,common_stock,profile_fields_present,629
RVNC,common_stock,profile_fields_present,276
RVSB,common_stock,profile_fields_present,614
RVYL,common_stock,profile_fields_present,593
RWAYI,exchange_traded_debt,name_contains:NOTES,86
RWAYZ,exchange_traded_debt,name_contains:NOTES,551
RWED,etf,is_etf=True,391
RWLK,common_stock,profile_fields_present,24
RWOD,spac_or_blank_check,name_contains:ACQUISITION CORP,125
RWT,common_stock,profile_fields_present,613
RWTN,common_stock,profile_fields_present,592
RWTQ,common_stock,profile_fields_present,132
RXO,common_stock,profile_fields_present,642
RXRX,common_stock,profile_fields_present,610
RXST,common_stock,profile_fields_present,628
RXT,common_stock,profile_fields_present,617
RYAM,common_stock,profile_fields_present,642
RYAN,common_stock,profile_fields_present,637
RYE,etf,is_etf=True,302
RYH,etf,is_etf=True,381
RYI,common_stock,profile_fields_present,506
RYJ,etf,is_etf=True,87
RYM,common_stock,profile_fields_present,613
RYN,common_stock,profile_fields_present,613
RYOJ,common_stock,profile_fields_present,204
RYU,etf,is_etf=True,381
RYZ,common_stock,profile_fields_present,623
RYZB,common_stock,profile_fields_present,45
RZLT,common_stock,profile_fields_present,651
RZLV,common_stock,profile_fields_present,611
SA,common_stock,profile_fields_present,640
SABS,common_stock,profile_fields_present,615
SACC,common_stock,profile_fields_present,265
SAFE,common_stock,profile_fields_present,620
SAFT,common_stock,profile_fields_present,612
SAG,common_stock,profile_fields_present,330
SAGE,common_stock,profile_fields_present,397
SAGU,common_stock,profile_fields_present,10
SAH,common_stock,profile_fields_present,637
SAI,common_stock,profile_fields_present,174
SAIC,common_stock,profile_fields_present,631
SAM,common_stock,profile_fields_present,612
SAMG,common_stock,profile_fields_present,616
SANA,common_stock,profile_fields_present,616
SAND,common_stock,profile_fields_present,509
SANG,common_stock,profile_fields_present,634
SASI,common_stock,profile_fields_present,49
SASR,common_stock,profile_fields_present,328
SATL,common_stock,profile_fields_present,629
SATX,common_stock,profile_fields_present,394
SAVA,common_stock,profile_fields_present,551
SAVE,common_stock,profile_fields_present,221
SB,common_stock,profile_fields_present,663
SBBA,common_stock,profile_fields_present,302
SBC,common_stock,profile_fields_present,624
SBCF,common_stock,profile_fields_present,628
SBET,common_stock,profile_fields_present,612
SBFG,common_stock,profile_fields_present,638
SBGI,common_stock,profile_fields_present,614
SBH,common_stock,profile_fields_present,622
SBLK,common_stock,profile_fields_present,648
SBMT,common_stock,profile_fields_present,28
SBOW,common_stock,profile_fields_present,143
SBRA,common_stock,profile_fields_present,649
SBSI,common_stock,profile_fields_present,620
SBT,common_stock,profile_fields_present,313
SBXC,common_stock,profile_fields_present,231
SBXD,common_stock,profile_fields_present,21
SBXE,common_stock,profile_fields_present,93
SCCC,common_stock,profile_fields_present,460
SCCD,exchange_traded_debt,name_contains:NOTES,651
SCCE,common_stock,profile_fields_present,642
SCCF,common_stock,profile_fields_present,658
SCCG,common_stock,profile_fields_present,622
SCHL,common_stock,profile_fields_present,642
SCL,common_stock,profile_fields_present,615
SCLX,common_stock,profile_fields_present,610
SCOR,common_stock,profile_fields_present,612
SCPH,common_stock,profile_fields_present,445
SCPQ,common_stock,profile_fields_present,92
SCRM,spac_or_blank_check,name_contains:ACQUISITION CORP,130
SCS,common_stock,profile_fields_present,502
SCSC,common_stock,profile_fields_present,635
SCTL,common_stock,profile_fields_present,65
SCVL,common_stock,profile_fields_present,634
SCWO,common_stock,profile_fields_present,612
SCWX,common_stock,profile_fields_present,277
SCX,common_stock,profile_fields_present,121
SCY,etf,is_etf=True,118
SCZM,common_stock,profile_fields_present,610
SD,common_stock,profile_fields_present,634
SDGR,common_stock,profile_fields_present,611
SDHC,common_stock,profile_fields_present,610
SDIG,common_stock,profile_fields_present,301
SDPI,common_stock,profile_fields_present,145
SDRL,common_stock,profile_fields_present,642
SEAS,common_stock,profile_fields_present,29
SEAT,common_stock,profile_fields_present,610
SEB,common_stock,profile_fields_present,652
SECO,common_stock,profile_fields_present,80
SEDA,spac_or_blank_check,name_contains:ACQUISITION CORPORATION,242
SEDG,common_stock,profile_fields_present,632
SEE,common_stock,profile_fields_present,573
SEEL,common_stock,profile_fields_present,199
SEG,common_stock,profile_fields_present,467
SEI,common_stock,profile_fields_present,549
SELF,common_stock,profile_fields_present,618
SEM,common_stock,profile_fields_present,639
SENEA,common_stock,profile_fields_present,683
SENS,common_stock,profile_fields_present,618
SEPA,spac_or_blank_check,name_contains:ACQUISITION CORP,141
SEPN,common_stock,profile_fields_present,411
SERA,common_stock,profile_fields_present,623
SERV,common_stock,profile_fields_present,572
SEV,common_stock,profile_fields_present,160
SEVN,common_stock,profile_fields_present,621
SEVNR,right,symbol_suffix:fifth_char_R+inactive,484
SEZL,common_stock,profile_fields_present,669
SFB,exchange_traded_debt,name_contains:NOTES,617
SFBC,common_stock,profile_fields_present,627
SFBS,common_stock,profile_fields_present,621
SFE,common_stock,profile_fields_present,27
SFIX,common_stock,profile_fields_present,611
SFL,common_stock,profile_fields_present,651
SFNC,common_stock,profile_fields_present,627
SFST,common_stock,profile_fields_present,638
SFYX,etf,is_etf=True,585
SG,common_stock,profile_fields_present,637
SGA,common_stock,profile_fields_present,610
SGBX,common_stock,profile_fields_present,516
SGC,common_stock,profile_fields_present,622
SGE,common_stock,profile_fields_present,186
SGHT,common_stock,profile_fields_present,618
SGMA,common_stock,profile_fields_present,394
SGML,common_stock,profile_fields_present,626
SGMT,common_stock,profile_fields_present,617
SGN,common_stock,profile_fields_present,553
SGP,common_stock,profile_fields_present,610
SGRY,common_stock,profile_fields_present,610
SGU,common_stock,profile_fields_present,617
SHAK,common_stock,profile_fields_present,635
SHAP,spac_or_blank_check,name_contains:ACQUISITION CORP,34
SHAZ,common_stock,profile_fields_present,116
SHBI,common_stock,profile_fields_present,645
SHC,common_stock,profile_fields_present,626
SHCO,common_stock,profile_fields_present,555
SHCR,common_stock,profile_fields_present,245
SHEN,common_stock,profile_fields_present,615
SHIM,common_stock,profile_fields_present,627
SHIP,common_stock,profile_fields_present,653
SHLS,common_stock,profile_fields_present,628
SHLT,adr,raw_flag:isAdr,312
SHMD,common_stock,profile_fields_present,541
SHO,common_stock,profile_fields_present,643
SHOO,common_stock,profile_fields_present,630
SHOT,common_stock,profile_fields_present,446
SHPW,common_stock,profile_fields_present,262
SHYF,common_stock,profile_fields_present,376
SI,common_stock,profile_fields_present,217
SIBN,common_stock,profile_fields_present,618
SIDU,common_stock,profile_fields_present,614
SIF,common_stock,profile_fields_present,637
SIG,common_stock,profile_fields_present,613
SIGA,common_stock,profile_fields_present,624
SII,common_stock,profile_fields_present,695
SILA,common_stock,profile_fields_present,507
SILC,common_stock,profile_fields_present,629
SILK,common_stock,profile_fields_present,186
SILV,common_stock,profile_fields_present,304
SION,common_stock,profile_fields_present,351
SIOX,common_stock,profile_fields_present,28
SITC,common_stock,profile_fields_present,620
SITE,common_stock,profile_fields_present,616
SIX,common_stock,profile_fields_present,129
SJW,common_stock,profile_fields_present,355
SKBL,common_stock,profile_fields_present,345
SKE,common_stock,profile_fields_present,689
SKGR,common_stock,profile_fields_present,395
SKIL,common_stock,profile_fields_present,628
SKLZ,common_stock,profile_fields_present,617
SKT,common_stock,profile_fields_present,649
SKWD,common_stock,profile_fields_present,655
SKX,common_stock,profile_fields_present,444
SKY,common_stock,profile_fields_present,637
SKYH,common_stock,profile_fields_present,631
SKYT,common_stock,profile_fields_present,637
SKYW,common_stock,profile_fields_present,667
SLAC,spac_or_blank_check,name_contains:ACQUISITION CORP,49
SLAM,spac_or_blank_check,industry_description:SHELL_COMPANIES+BUSINESS_COMBINATION,210
SLCA,common_stock,profile_fields_present,146
SLDB,common_stock,profile_fields_present,631
SLDE,common_stock,profile_fields_present,243
SLDP,common_stock,profile_fields_present,631
SLG,common_stock,profile_fields_present,642
SLGC,common_stock,profile_fields_present,3
SLGL,common_stock,profile_fields_present,637
SLGN,common_stock,profile_fields_present,624
SLI,common_stock,profile_fields_present,628
SLM,common_stock,profile_fields_present,647
SLMT,common_stock,profile_fields_present,169
SLNG,common_stock,profile_fields_present,628
SLNO,common_stock,profile_fields_present,634
SLP,common_stock,profile_fields_present,610
SLRN,common_stock,profile_fields_present,347
SLRX,common_stock,profile_fields_present,508
SLS,common_stock,profile_fields_present,637
SLVM,common_stock,profile_fields_present,643
SMA,common_stock,profile_fields_present,302
SMAR,common_stock,profile_fields_present,279
SMBC,common_stock,profile_fields_present,634
SMBK,common_stock,profile_fields_present,646
SMC,common_stock,profile_fields_present,616
SMCC,etf,is_etf=True,109
SMCP,etf,is_etf=True,259
SMG,common_stock,profile_fields_present,624
SMHI,common_stock,profile_fields_present,617
SMID,common_stock,profile_fields_present,623
SMJF,common_stock,profile_fields_present,127
SMLP,common_stock,profile_fields_present,162
SMLR,common_stock,profile_fields_present,524
SMMF,common_stock,profile_fields_present,86
SMP,common_stock,profile_fields_present,626
SMPL,common_stock,profile_fields_present,611
SMR,common_stock,profile_fields_present,636
SMTI,common_stock,profile_fields_present,610
SMWB,common_stock,profile_fields_present,648
SNCE,common_stock,profile_fields_present,47
SNCR,common_stock,profile_fields_present,541
SNCY,common_stock,profile_fields_present,609
SND,common_stock,profile_fields_present,641
SNDA,common_stock,profile_fields_present,647
SNDKV,common_stock,profile_fields_present,286
SNDX,common_stock,profile_fields_present,626
SNFCA,common_stock,profile_fields_present,643
SNMP,common_stock,profile_fields_present,31
SNPO,common_stock,profile_fields_present,114
SNPX,common_stock,profile_fields_present,378
SNRE,common_stock,profile_fields_present,209
SNT,common_stock,profile_fields_present,639
SNV,common_stock,profile_fields_present,519
SNWV,common_stock,profile_fields_present,656
SOC,common_stock,profile_fields_present,643
SOFL,etf,is_etf=True,70
SOHO,common_stock,profile_fields_present,560
SOI,common_stock,profile_fields_present,184
SOL,adr,raw_flag:isAdr,491
SOLO,common_stock,profile_fields_present,57
SOLSV,common_stock,profile_fields_present,7
SON,common_stock,profile_fields_present,615
SOND,common_stock,profile_fields_present,477
SONN,common_stock,profile_fields_present,485
SONO,common_stock,profile_fields_present,625
SOPA,common_stock,profile_fields_present,593
SOPH,common_stock,profile_fields_present,618
SOR,closed_end_fund,raw_description:CLOSED_END_SUBJECT_POSITION,648
SORA,common_stock,profile_fields_present,259
SOTK,common_stock,profile_fields_present,613
SOUN,common_stock,profile_fields_present,625
SOVO,common_stock,profile_fields_present,52
SP,common_stock,profile_fields_present,104
SPAI,common_stock,profile_fields_present,621
SPAX,etf,is_etf=True,318
SPB,common_stock,profile_fields_present,627
SPC,etf,is_etf=True,529
SPCB,common_stock,profile_fields_present,615
SPCE,common_stock,profile_fields_present,612
SPCY,etf,is_etf=True,215
SPFI,common_stock,profile_fields_present,634
SPGC,common_stock,profile_fields_present,301
SPH,common_stock,profile_fields_present,620
SPHR,common_stock,profile_fields_present,122
SPI,common_stock,profile_fields_present,531
SPIR,common_stock,profile_fields_present,632
SPLG,etf,is_etf=True,562
SPLK,common_stock,profile_fields_present,71
SPMC,closed_end_fund,industry_description:ASSET_MANAGEMENT+FUND_TEMPLATE,503
SPME,closed_end_fund,raw_description:CLOSED_END_SUBJECT_POSITION,230
SPNT,common_stock,profile_fields_present,668
SPOK,common_stock,profile_fields_present,622
SPQ,etf,is_etf=True,384
SPR,common_stock,profile_fields_present,509
SPRB,common_stock,profile_fields_present,625
SPRO,common_stock,profile_fields_present,620
SPRU,common_stock,profile_fields_present,619
SPRY,common_stock,profile_fields_present,632
SPSC,common_stock,profile_fields_present,612
SPT,common_stock,profile_fields_present,610
SPTN,common_stock,profile_fields_present,447
SPTX,common_stock,profile_fields_present,25
SPVU,etf,name_contains:ETF,593
SPXB,etf,is_etf=True,76
SQ,common_stock,profile_fields_present,279
SQEW,etf,is_etf=True,488
SQSP,common_stock,profile_fields_present,241
SQY,etf,is_etf=True,312
SR,common_stock,profile_fields_present,653
SRAD,common_stock,profile_fields_present,674
SRBK,common_stock,profile_fields_present,682
SRC,common_stock,profile_fields_present,15
SRCE,common_stock,profile_fields_present,635
SRCL,common_stock,profile_fields_present,224
SRDX,common_stock,profile_fields_present,481
SRG,common_stock,profile_fields_present,612
SRI,common_stock,profile_fields_present,612
SRJN,common_stock,profile_fields_present,97
SRL,common_stock,profile_fields_present,619
SRM,common_stock,profile_fields_present,389
SRPT,common_stock,profile_fields_present,612
SRT,common_stock,profile_fields_present,2
SRTA,common_stock,profile_fields_present,623
SRTS,common_stock,profile_fields_present,624
SRZN,common_stock,profile_fields_present,637
SSBI,common_stock,profile_fields_present,629
SSBK,common_stock,profile_fields_present,379
SSII,common_stock,profile_fields_present,658
SSNT,common_stock,profile_fields_present,110
SSP,common_stock,profile_fields_present,620
SSPX,etf,is_etf=True,514
SST,common_stock,profile_fields_present,589
SSTI,common_stock,profile_fields_present,616
SSTK,common_stock,profile_fields_present,610
SSY,common_stock,profile_fields_present,411
SSYS,common_stock,profile_fields_present,610
STAA,common_stock,profile_fields_present,617
STAF,common_stock,profile_fields_present,281
STAK,common_stock,profile_fields_present,616
STBA,common_stock,profile_fields_present,638
STBX,common_stock,profile_fields_present,336
STC,common_stock,profile_fields_present,629
STCN,common_stock,profile_fields_present,269
STEL,common_stock,profile_fields_present,632
STEM,common_stock,profile_fields_present,612
STER,common_stock,profile_fields_present,229
STGW,common_stock,profile_fields_present,626
STHO,common_stock,profile_fields_present,610
STI,common_stock,profile_fields_present,611
STKL,common_stock,profile_fields_present,604
STNE,common_stock,profile_fields_present,627
STNG,common_stock,profile_fields_present,654
STOK,common_stock,profile_fields_present,642
STR,common_stock,profile_fields_present,409
STRA,common_stock,profile_fields_present,617
STRM,common_stock,profile_fields_present,405
STRO,common_stock,profile_fields_present,631
STRR,common_stock,profile_fields_present,611
STRS,common_stock,profile_fields_present,625
STRT,common_stock,profile_fields_present,644
STRV,etf,is_etf=True,599
STRW,common_stock,profile_fields_present,656
STRZ,common_stock,profile_fields_present,280
STSB,etf,is_etf=True,316
STTK,common_stock,profile_fields_present,649
STUB,common_stock,profile_fields_present,181
STVN,common_stock,profile_fields_present,616
STXI,etf,is_etf=True,476
STXM,etf,is_etf=True,527
SUJA,common_stock,profile_fields_present,21
SUM,common_stock,profile_fields_present,307
SUNC,common_stock,profile_fields_present,172
SUNS,common_stock,profile_fields_present,614
SUNW,common_stock,profile_fields_present,31
SUP,common_stock,profile_fields_present,370
SUPN,common_stock,profile_fields_present,648
SUPX,common_stock,profile_fields_present,571
SVCO,common_stock,profile_fields_present,540
SVFD,common_stock,profile_fields_present,53
SVM,common_stock,profile_fields_present,662
SVMH,common_stock,profile_fields_present,265
SVRA,common_stock,profile_fields_present,634
SVT,common_stock,profile_fields_present,392
SVV,common_stock,profile_fields_present,622
SWAG,common_stock,profile_fields_present,611
SWBI,common_stock,profile_fields_present,638
SWI,common_stock,profile_fields_present,350
SWIM,common_stock,profile_fields_present,629
SWIN,common_stock,profile_fields_present,463
SWKH,common_stock,profile_fields_present,583
SWMR,common_stock,profile_fields_present,57
SWN,common_stock,profile_fields_present,193
SWTX,common_stock,profile_fields_present,392
SXC,common_stock,profile_fields_present,622
SXI,common_stock,profile_fields_present,657
SXT,common_stock,profile_fields_present,109
SYBT,common_stock,profile_fields_present,632
SYNB,etf,is_etf=True,502
SYPR,common_stock,profile_fields_present,619
SYRE,common_stock,profile_fields_present,651
SYT,adr,raw_flag:isAdr,353
SYTA,common_stock,profile_fields_present,441
TAC,common_stock,profile_fields_present,636
TACT,common_stock,profile_fields_present,614
TALK,common_stock,profile_fields_present,648
TALO,common_stock,profile_fields_present,633
TARA,common_stock,profile_fields_present,621
TARO,common_stock,profile_fields_present,120
TARS,common_stock,profile_fields_present,656
TASK,common_stock,profile_fields_present,619
TAST,common_stock,profile_fields_present,119
TATT,common_stock,profile_fields_present,677
TAYD,common_stock,profile_fields_present,658
TBBB,common_stock,profile_fields_present,608
TBBK,common_stock,profile_fields_present,649
TBC,exchange_traded_debt,name_contains:NOTES,243
TBCH,common_stock,profile_fields_present,622
TBHC,common_stock,profile_fields_present,565
TBI,common_stock,profile_fields_present,610
TBLA,common_stock,profile_fields_present,620
TBMC,spac_or_blank_check,industry_description:SHELL_COMPANIES+BUSINESS_COMBINATION,681
TBN,common_stock,profile_fields_present,623
TBNK,common_stock,profile_fields_present,314
TBPH,common_stock,profile_fields_present,639
TBRG,common_stock,profile_fields_present,666
TCBI,common_stock,profile_fields_present,639
TCBK,common_stock,profile_fields_present,627
TCBP,adr,raw_flag:isAdr,307
TCBS,common_stock,profile_fields_present,629
TCBX,common_stock,profile_fields_present,657
TCI,common_stock,profile_fields_present,634
TCJH,common_stock,profile_fields_present,202
TCMD,common_stock,profile_fields_present,634
TCN,common_stock,profile_fields_present,103
TCS,common_stock,profile_fields_present,236
TCTM,adr,raw_flag:isAdr,317
TCX,common_stock,profile_fields_present,617
TDAY,common_stock,profile_fields_present,171
TDC,common_stock,profile_fields_present,611
TDCX,adr,raw_flag:isAdr,117
TDOC,common_stock,profile_fields_present,610
TDS,common_stock,profile_fields_present,658
TDSD,etf,is_etf=True,3
TDSE,etf,is_etf=True,4
TDUP,common_stock,profile_fields_present,648
TDW,common_stock,profile_fields_present,644
TE,common_stock,profile_fields_present,630
TEAF,mutual_fund,raw_flag:isFund,478
TECTP,preferred,symbol_suffix:fifth_char_P,554
TECX,common_stock,profile_fields_present,641
TEF,adr,raw_flag:isAdr,547
TELL,common_stock,profile_fields_present,193
TELZ,common_stock,profile_fields_present,221
TEMP,etf,is_etf=True,477
TEN,common_stock,profile_fields_present,672
TENB,common_stock,profile_fields_present,613
TENK,spac_or_blank_check,industry_description:SHELL_COMPANIES+BUSINESS_COMBINATION,196
TENX,common_stock,profile_fields_present,628
TERN,common_stock,profile_fields_present,628
TETE,spac_or_blank_check,name_contains:ACQUISITION CORPORATION,645
TEX,common_stock,profile_fields_present,623
TFFP,common_stock,profile_fields_present,239
TFIN,common_stock,profile_fields_present,627
TFINP,preferred,symbol_suffix:fifth_char_P,546
TFSA,mutual_fund,raw_flag:isFund,569
TFSL,common_stock,profile_fields_present,629
TG,common_stock,profile_fields_present,635
TGAA,spac_or_blank_check,industry_description:SHELL_COMPANIES+BUSINESS_COMBINATION,565
TGAN,common_stock,profile_fields_present,119
TGB,common_stock,profile_fields_present,667
TGEN,common_stock,profile_fields_present,644
TGH,common_stock,profile_fields_present,65
TGI,common_stock,profile_fields_present,427
TGLS,common_stock,profile_fields_present,647
TGNA,common_stock,profile_fields_present,569
TGVC,spac_or_blank_check,name_contains:ACQUISITION CORP,60
TH,common_stock,profile_fields_present,620
THAR,common_stock,profile_fields_present,537
THCP,spac_or_blank_check,industry_description:SHELL_COMPANIES+BUSINESS_COMBINATION,273
THCX,etf,is_etf=True,34
THFF,common_stock,profile_fields_present,655
THM,common_stock,profile_fields_present,618
THO,common_stock,profile_fields_present,621
THRD,common_stock,profile_fields_present,403
THRM,common_stock,profile_fields_present,610
THRX,common_stock,profile_fields_present,29
THRY,common_stock,profile_fields_present,610
THS,common_stock,profile_fields_present,530
THTX,common_stock,profile_fields_present,465
TIC,common_stock,profile_fields_present,331
TII,common_stock,profile_fields_present,111
TIL,common_stock,profile_fields_present,620
TILE,common_stock,profile_fields_present,657
TIOA,spac_or_blank_check,industry_description:SHELL_COMPANIES+BUSINESS_COMBINATION,178
TIPT,common_stock,profile_fields_present,630
TISI,common_stock,profile_fields_present,623
TITN,common_stock,profile_fields_present,618
TIXT,common_stock,profile_fields_present,464
TJGC,common_stock,profile_fields_present,107
TK,common_stock,profile_fields_present,659
TKNO,common_stock,profile_fields_present,628
TLGY,spac_or_blank_check,name_contains:ACQUISITION CORPORATION,654
TLRY,common_stock,profile_fields_present,612
TLS,common_stock,profile_fields_present,623
TLSI,common_stock,profile_fields_present,617
TLX,common_stock,profile_fields_present,392
TLYS,common_stock,profile_fields_present,629
TMC,common_stock,profile_fields_present,634
TMCI,common_stock,profile_fields_present,610
TMCR,common_stock,profile_fields_present,42
TMDX,common_stock,profile_fields_present,641
TMET,etf,is_etf=True,582
TMH,common_stock,profile_fields_present,311
TMP,common_stock,profile_fields_present,636
TMQ,common_stock,profile_fields_present,635
TMST,common_stock,profile_fields_present,38
TMTC,spac_or_blank_check,name_contains:ACQUISITION CORP,287
TNC,common_stock,profile_fields_present,627
TNDM,common_stock,profile_fields_present,617
TNET,common_stock,profile_fields_present,618
TNFA,common_stock,profile_fields_present,435
TNGX,common_stock,profile_fields_present,645
TNK,common_stock,profile_fields_present,660
TNL,common_stock,profile_fields_present,648
TNP,common_stock,profile_fields_present,300
TNXP,common_stock,profile_fields_present,611
TOI,common_stock,profile_fields_present,632
TONX,common_stock,profile_fields_present,612
TORO,common_stock,profile_fields_present,625
TOROV,common_stock,profile_fields_present,323
TOWN,common_stock,profile_fields_present,629
TOYO,common_stock,profile_fields_present,637
TPB,common_stock,profile_fields_present,706
TPC,common_stock,profile_fields_present,710
TPCS,common_stock,profile_fields_present,616
TPH,common_stock,profile_fields_present,637
TPHE,etf,is_etf=True,476
TPIC,common_stock,profile_fields_present,408
TPLE,etf,is_etf=True,478
TPMN,etf,is_etf=True,402
TPX,common_stock,profile_fields_present,330
TR,common_stock,profile_fields_present,650
TRAD,common_stock,profile_fields_present,34
TRAK,common_stock,profile_fields_present,647
TRAX,common_stock,profile_fields_present,34
TRC,common_stock,profile_fields_present,621
TRDA,common_stock,profile_fields_present,628
TREE,common_stock,profile_fields_present,639
TRES,etf,is_etf=True,142
TREX,common_stock,profile_fields_present,624
TRGS,common_stock,profile_fields_present,34
TRIL,etf,is_etf=True,80
TRIP,common_stock,profile_fields_present,618
TRIS,spac_or_blank_check,industry_description:SHELL_COMPANIES+BUSINESS_COMBINATION,216
TRMD,common_stock,profile_fields_present,642
TRMK,common_stock,profile_fields_present,641
TRML,common_stock,profile_fields_present,473
TRN,common_stock,profile_fields_present,637
TRNS,common_stock,profile_fields_present,624
TROO,common_stock,profile_fields_present,625
TROX,common_stock,profile_fields_present,638
TRS,common_stock,profile_fields_present,640
TRST,common_stock,profile_fields_present,657
TRT,common_stock,profile_fields_present,633
TRTL,spac_or_blank_check,name_contains:ACQUISITION CORP,180
TRTX,common_stock,profile_fields_present,629
TRUE,common_stock,profile_fields_present,514
TRUP,common_stock,profile_fields_present,632
TRVI,common_stock,profile_fields_present,652
TSAT,common_stock,profile_fields_present,657
TSBK,common_stock,profile_fields_present,635
TSBX,common_stock,profile_fields_present,404
TSE,common_stock,profile_fields_present,552
TSHA,common_stock,profile_fields_present,632
TSQ,common_stock,profile_fields_present,612
TSRI,common_stock,profile_fields_present,136
TSSI,common_stock,profile_fields_present,680
TSVT,common_stock,profile_fields_present,341
TTAM,common_stock,profile_fields_present,346
TTEC,common_stock,profile_fields_present,610
TTGT,common_stock,profile_fields_present,610
TTI,common_stock,profile_fields_present,639
TTNP,common_stock,profile_fields_present,440
TTP,mutual_fund,raw_flag:isFund,317
TTRX,common_stock,profile_fields_present,166
TTSH,common_stock,profile_fields_present,619
TUP,common_stock,profile_fields_present,197
TURN,business_development_company,name_industry:CAPITAL_CORPORATION_BDC,443
TUSK,common_stock,profile_fields_present,616
TVGN,common_stock,profile_fields_present,610
TVTX,common_stock,profile_fields_present,646
TWFG,common_stock,profile_fields_present,481
TWI,common_stock,profile_fields_present,618
TWIN,common_stock,profile_fields_present,638
TWIO,etf,is_etf=True,289
TWKS,common_stock,profile_fields_present,219
TWO,common_stock,profile_fields_present,611
TWOA,spac_or_blank_check,industry_description:SHELL_COMPANIES+BUSINESS_COMBINATION,59
TWST,common_stock,profile_fields_present,636
TXG,common_stock,profile_fields_present,631
TXO,common_stock,profile_fields_present,610
TXSS,etf,is_etf=True,501
TY,closed_end_fund,raw_description:CLOSED_END_EQUITY_MUTUAL_FUND,670
TYG,closed_end_fund,raw_description:CLOSED_END_EQUITY_MUTUAL_FUND,664
TYGO,common_stock,profile_fields_present,638
TYRA,common_stock,profile_fields_present,665
TZOO,common_stock,profile_fields_present,637
TZUP,common_stock,profile_fields_present,507
UA,common_stock,profile_fields_present,613
UAA,common_stock,profile_fields_present,615
UAMY,common_stock,profile_fields_present,662
UAN,common_stock,profile_fields_present,633
UBCP,common_stock,profile_fields_present,620
UBFO,common_stock,profile_fields_present,599
UCB,common_stock,profile_fields_present,625
UCBI,common_stock,profile_fields_present,151
UCFI,common_stock,profile_fields_present,494
UCTT,common_stock,profile_fields_present,662
UDMY,common_stock,profile_fields_present,591
UE,common_stock,profile_fields_present,644
UEC,common_stock,profile_fields_present,21
UEIC,common_stock,profile_fields_present,613
UFCS,common_stock,profile_fields_present,648
UFI,common_stock,profile_fields_present,612
UFPI,common_stock,profile_fields_present,615
UFPT,common_stock,profile_fields_present,642
UG,common_stock,profile_fields_present,629
UGIC,common_stock,profile_fields_present,104
UHT,common_stock,profile_fields_present,620
UIS,common_stock,profile_fields_present,621
ULBI,common_stock,profile_fields_present,616
ULCC,common_stock,profile_fields_present,615
ULH,common_stock,profile_fields_present,622
ULTR,etf,is_etf=True,80
ULY,common_stock,profile_fields_present,554
UMAC,common_stock,profile_fields_present,596
UMH,common_stock,profile_fields_present,630
UNB,common_stock,profile_fields_present,617
UNCY,common_stock,profile_fields_present,611
UNF,common_stock,profile_fields_present,632
UNFI,common_stock,profile_fields_present,648
UNIT,common_stock,profile_fields_present,627
UNTY,common_stock,profile_fields_present,638
UOKA,common_stock,profile_fields_present,574
UP,common_stock,profile_fields_present,612
UPB,common_stock,profile_fields_present,422
UPBD,common_stock,profile_fields_present,616
UPST,common_stock,profile_fields_present,616
UPWK,common_stock,profile_fields_present,629
URAX,etf,is_etf=True,226
URGN,common_stock,profile_fields_present,627
UROY,common_stock,profile_fields_present,627
USAC,common_stock,profile_fields_present,633
USAP,common_stock,profile_fields_present,304
USAR,common_stock,profile_fields_present,318
USAS,common_stock,profile_fields_present,686
USAU,common_stock,profile_fields_present,652
USCB,common_stock,profile_fields_present,630
USCF,etf,is_etf=True,259
USGO,common_stock,profile_fields_present,620
USLM,common_stock,profile_fields_present,667
USM,common_stock,profile_fields_present,427
USNA,common_stock,profile_fields_present,610
USPH,common_stock,profile_fields_present,610
USVT,etf,is_etf=True,98
UTI,common_stock,profile_fields_present,664
UTL,common_stock,profile_fields_present,620
UTMD,common_stock,profile_fields_present,618
UTRN,etf,is_etf=True,360
UTZ,common_stock,profile_fields_present,613
UUUU,common_stock,profile_fields_present,638
UVE,common_stock,profile_fields_present,651
UVSP,common_stock,profile_fields_present,655
UVV,common_stock,profile_fields_present,619
UWMC,common_stock,profile_fields_present,623
UZC,common_stock,profile_fields_present,397
VABK,common_stock,profile_fields_present,621
VAC,common_stock,profile_fields_present,612
VALU,common_stock,profile_fields_present,611
VAPE,common_stock,profile_fields_present,74
VAPO,common_stock,profile_fields_present,180
VAQC,spac_or_blank_check,name_contains:ACQUISITION CORPORATION,42
VATE,common_stock,profile_fields_present,638
VBFC,mutual_fund,raw_flag:isFund,338
VBIV,common_stock,profile_fields_present,151
VBIX,common_stock,profile_fields_present,610
VBNK,common_stock,profile_fields_present,670
VBTX,common_stock,profile_fields_present,473
VC,common_stock,profile_fields_present,616
VCEL,common_stock,profile_fields_present,636
VCIC,spac_or_blank_check,industry_description:SHELL_COMPANIES+BUSINESS_COMBINATION,430
VCSA,common_stock,profile_fields_present,335
VCXB,spac_or_blank_check,name_contains:ACQUISITION CORP,169
VCYT,common_stock,profile_fields_present,636
VECO,common_stock,profile_fields_present,657
VEL,common_stock,profile_fields_present,636
VELO,common_stock,profile_fields_present,613
VENU,common_stock,profile_fields_present,398
VERA,common_stock,profile_fields_present,630
VERB,common_stock,profile_fields_present,202
VERO,common_stock,profile_fields_present,567
VERU,common_stock,profile_fields_present,611
VERV,common_stock,profile_fields_present,394
VERX,common_stock,profile_fields_present,643
VERY,common_stock,profile_fields_present,128
VET,common_stock,profile_fields_present,631
VEV,common_stock,profile_fields_present,210
VFF,common_stock,profile_fields_present,650
VGNT,common_stock,profile_fields_present,49
VGR,common_stock,profile_fields_present,203
VGZ,common_stock,profile_fields_present,646
VHAQ,spac_or_blank_check,name_contains:ACQUISITION CORP,279
VHC,common_stock,profile_fields_present,627
VHCP,common_stock,profile_fields_present,116
VHI,common_stock,profile_fields_present,638
VIA,common_stock,profile_fields_present,184
VIAO,common_stock,profile_fields_present,78
VIASP,preferred,symbol_suffix:fifth_char_P,654
VIDA,common_stock,profile_fields_present,15
VIGL,common_stock,profile_fields_present,421
VINE,common_stock,profile_fields_present,310
VINP,common_stock,profile_fields_present,640
VIR,common_stock,profile_fields_present,615
VIRC,common_stock,profile_fields_present,619
VIRI,common_stock,profile_fields_present,194
VISN,common_stock,profile_fields_present,106
VITL,common_stock,profile_fields_present,659
VIVO,common_stock,profile_fields_present,614
VJET,adr,raw_flag:isAdr,61
VKTX,common_stock,profile_fields_present,619
VLCN,common_stock,profile_fields_present,396
VLD,common_stock,profile_fields_present,173
VLGEA,common_stock,profile_fields_present,671
VLN,common_stock,profile_fields_present,625
VLON,common_stock,profile_fields_present,178
VMCA,spac_or_blank_check,industry_description:SHELL_COMPANIES+BUSINESS_COMBINATION,336
VMD,common_stock,profile_fields_present,623
VMEO,common_stock,profile_fields_present,506
VMET,common_stock,profile_fields_present,65
VNCE,common_stock,profile_fields_present,618
VNDA,common_stock,profile_fields_present,623
VNT,common_stock,profile_fields_present,637
VOR,common_stock,profile_fields_present,612
VORB,common_stock,profile_fields_present,262
VOXR,common_stock,profile_fields_present,652
VOXX,common_stock,profile_fields_present,313
VOYG,common_stock,profile_fields_present,248
VPG,common_stock,profile_fields_present,650
VRA,common_stock,profile_fields_present,621
VRCA,common_stock,profile_fields_present,614
VRDN,common_stock,profile_fields_present,627
VRE,common_stock,profile_fields_present,637
VREX,common_stock,profile_fields_present,610
VRM,common_stock,profile_fields_present,629
VRN,adr,raw_flag:isAdr,347
VRNA,adr,raw_flag:isAdr,533
VRNS,common_stock,profile_fields_present,627
VRNT,common_stock,profile_fields_present,478
VRRM,common_stock,profile_fields_present,633
VRTS,common_stock,profile_fields_present,613
VSAC,spac_or_blank_check,name_contains:ACQUISITION CORP,232
VSEC,common_stock,profile_fields_present,673
VSNTV,common_stock,profile_fields_present,12
VSTE,common_stock,profile_fields_present,351
VSTM,common_stock,profile_fields_present,617
VSTO,common_stock,profile_fields_present,257
VSTS,common_stock,profile_fields_present,629
VTEX,common_stock,profile_fields_present,626
VTIX,common_stock,profile_fields_present,91
VTLE,common_stock,profile_fields_present,491
VTNR,common_stock,profile_fields_present,193
VTOL,common_stock,profile_fields_present,643
VTRU,common_stock,profile_fields_present,108
VTS,common_stock,profile_fields_present,619
VTSI,common_stock,profile_fields_present,626
VTVT,common_stock,profile_fields_present,634
VTYX,common_stock,profile_fields_present,572
VUZI,common_stock,profile_fields_present,626
VVI,common_stock,profile_fields_present,278
VVPR,common_stock,profile_fields_present,619
VVV,common_stock,profile_fields_present,628
VVX,common_stock,profile_fields_present,643
VWAV,common_stock,profile_fields_present,232
VYGR,common_stock,profile_fields_present,610
VYX,common_stock,profile_fields_present,610
VZIO,common_stock,profile_fields_present,247
VZLA,common_stock,profile_fields_present,666
WABC,common_stock,profile_fields_present,630
WAFD,common_stock,profile_fields_present,629
WATT,common_stock,profile_fields_present,622
WAVD,common_stock,profile_fields_present,153
WAVS,spac_or_blank_check,industry_description:SHELL_COMPANIES+BUSINESS_COMBINATION,286
WAY,common_stock,profile_fields_present,529
WBA,common_stock,profile_fields_present,417
WBAT,etf,is_etf=True,368
WBI,common_stock,profile_fields_present,620
WBIY,etf,is_etf=True,514
WBTN,common_stock,profile_fields_present,493
WBX,common_stock,profile_fields_present,107
WD,common_stock,profile_fields_present,613
WDCVV,common_stock,profile_fields_present,6
WDFC,common_stock,profile_fields_present,618
WEAV,common_stock,profile_fields_present,635
WEL,spac_or_blank_check,name_contains:ACQUISITION CORP,274
WEN,common_stock,profile_fields_present,610
WENC,common_stock,profile_fields_present,17
WERN,common_stock,profile_fields_present,623
WEST,common_stock,profile_fields_present,613
WETG,common_stock,profile_fields_present,52
WEYS,common_stock,profile_fields_present,621
WFCF,common_stock,profile_fields_present,616
WFG,common_stock,profile_fields_present,107
WFH,etf,is_etf=True,496
WGO,common_stock,profile_fields_present,611
WGS,common_stock,profile_fields_present,661
WHD,common_stock,profile_fields_present,625
WHG,common_stock,profile_fields_present,631
WHK,common_stock,profile_fields_present,21
WHR,common_stock,profile_fields_present,618
WHWK,common_stock,profile_fields_present,627
WILC,common_stock,profile_fields_present,677
WILD,etf,delisted_name:name_contains:ETF,166
WINA,common_stock,profile_fields_present,625
WING,common_stock,profile_fields_present,644
WIRE,common_stock,profile_fields_present,67
WISA,common_stock,profile_fields_present,282
WISH,common_stock,profile_fields_present,178
WIX,common_stock,profile_fields_present,634
WK,common_stock,profile_fields_present,616
WKC,common_stock,profile_fields_present,633
WKHS,common_stock,profile_fields_present,610
WKME,common_stock,profile_fields_present,180
WLAC,spac_or_blank_check,name_contains:ACQUISITION CORP,419
WLDN,common_stock,profile_fields_present,682
WLFC,common_stock,profile_fields_present,665
WLGS,common_stock,profile_fields_present,442
WLKP,common_stock,profile_fields_present,628
WLTH,common_stock,profile_fields_present,119
WLY,common_stock,profile_fields_present,627
WLYB,common_stock,profile_fields_present,644
WMK,common_stock,profile_fields_present,631
WMPN,common_stock,profile_fields_present,339
WNC,common_stock,profile_fields_present,613
WNEB,common_stock,profile_fields_present,641
WNNR,spac_or_blank_check,name_contains:ACQUISITION CORP,82
WNS,adr,raw_flag:isAdr,476
WOLF,common_stock,profile_fields_present,619
WOOF,common_stock,profile_fields_present,616
WOR,common_stock,profile_fields_present,625
WORX,common_stock,profile_fields_present,572
WOW,common_stock,profile_fields_present,502
WRAC,spac_or_blank_check,name_contains:ACQUISITION CORP,45
WRBY,common_stock,profile_fields_present,649
WRK,common_stock,profile_fields_present,155
WRLD,common_stock,profile_fields_present,626
WRN,common_stock,profile_fields_present,660
WS,common_stock,profile_fields_present,633
WSBC,common_stock,profile_fields_present,622
WSBCP,preferred,symbol_suffix:fifth_char_P,479
WSBF,common_stock,profile_fields_present,632
WSBK,common_stock,profile_fields_present,296
WSC,common_stock,profile_fields_present,610
WSFS,common_stock,profile_fields_present,637
WSHP,common_stock,profile_fields_present,139
WSR,common_stock,profile_fields_present,672
WT,common_stock,profile_fields_present,687
WTBA,common_stock,profile_fields_present,619
WTF,common_stock,profile_fields_present,297
WTFCM,preferred,symbol_suffix:fifth_char_M+inactive,400
WTFCP,preferred,symbol_suffix:fifth_char_P,391
WTI,common_stock,profile_fields_present,624
WTM,common_stock,profile_fields_present,511
WTMA,spac_or_blank_check,name_contains:ACQUISITION CORP,533
WTTR,common_stock,profile_fields_present,655
WU,common_stock,profile_fields_present,613
WUCT,etf,is_etf=True,277
WUSA,etf,is_etf=True,352
WVE,common_stock,profile_fields_present,618
WW,common_stock,profile_fields_present,610
WWW,common_stock,profile_fields_present,642
WXM,common_stock,profile_fields_present,610
WYFI,common_stock,profile_fields_present,209
WYY,common_stock,profile_fields_present,645
X,common_stock,profile_fields_present,378
XBIT,common_stock,profile_fields_present,622
XDJL,etf,is_etf=True,503
XE,common_stock,profile_fields_present,30
XENE,common_stock,profile_fields_present,619
XERS,common_stock,profile_fields_present,651
XFIN,spac_or_blank_check,name_contains:ACQUISITION CORP,239
XFIX,etf,is_etf=True,518
XFOR,common_stock,profile_fields_present,610
XGN,common_stock,profile_fields_present,650
XHR,common_stock,profile_fields_present,639
XHYC,etf,is_etf=True,612
XHYD,etf,is_etf=True,614
XHYE,etf,is_etf=True,620
XHYF,etf,is_etf=True,613
XHYH,etf,is_etf=True,629
XHYI,etf,is_etf=True,607
XHYT,etf,is_etf=True,597
XIFR,common_stock,profile_fields_present,616
XIN,adr,raw_flag:isAdr,425
XLO,common_stock,profile_fields_present,610
XMAX,common_stock,profile_fields_present,14
XMTR,common_stock,profile_fields_present,644
XNCR,common_stock,profile_fields_present,611
XNDU,common_stock,profile_fields_present,49
XOMA,common_stock,profile_fields_present,651
XOMAP,preferred,symbol_suffix:fifth_char_P,624
XOMZ,etf,is_etf=True,243
XOS,common_stock,profile_fields_present,611
XPDB,spac_or_blank_check,industry_description:SHELL_COMPANIES+BUSINESS_COMBINATION,56
XPEL,common_stock,profile_fields_present,624
XPER,common_stock,profile_fields_present,610
XPM,etf,is_etf=True,46
XPOF,common_stock,profile_fields_present,611
XPRO,common_stock,profile_fields_present,620
XRAY,common_stock,profile_fields_present,610
XRLV,etf,is_etf=True,592
XRN,common_stock,profile_fields_present,611
XRX,common_stock,profile_fields_present,612
XTKG,common_stock,profile_fields_present,570
XWIN,common_stock,profile_fields_present,630
XXCH,etf,is_etf=True,454
XXI,common_stock,profile_fields_present,481
XYLE,etf,is_etf=True,409
XYLO,common_stock,profile_fields_present,413
XZO,common_stock,profile_fields_present,146
YDDL,common_stock,profile_fields_present,176
YDES,common_stock,profile_fields_present,193
YELP,common_stock,profile_fields_present,610
YETI,common_stock,profile_fields_present,619
YEXT,common_stock,profile_fields_present,630
YGF,common_stock,profile_fields_present,60
YMAB,common_stock,profile_fields_present,444
YORK,spac_or_blank_check,name_contains:ACQUISITION CORP,49
YORW,common_stock,profile_fields_present,610
YOSH,common_stock,profile_fields_present,428
YSWY,common_stock,profile_fields_present,32
YTEN,common_stock,profile_fields_present,94
YVR,common_stock,profile_fields_present,262
YY,adr,raw_flag:isAdr,322
ZBAI,common_stock,profile_fields_present,604
ZBIO,common_stock,profile_fields_present,451
ZCBA,etf,delisted_name:name_contains:ETF,493
ZCBB,etf,delisted_name:name_contains:ETF,493
ZCBF,etf,delisted_name:name_contains:ETF,493
ZCBG,mutual_fund,delisted_name:name_contains:FUND,493
ZD,common_stock,profile_fields_present,619
ZDGE,common_stock,profile_fields_present,620
ZENV,common_stock,profile_fields_present,582
ZETA,common_stock,profile_fields_present,549
ZEUS,common_stock,profile_fields_present,553
ZFOX,common_stock,profile_fields_present,90
ZGN,common_stock,profile_fields_present,631
ZI,common_stock,profile_fields_present,342
ZIM,common_stock,profile_fields_present,630
ZIMV,common_stock,profile_fields_present,476
ZIONL,non_common_series,symbol_suffix:fifth_char_L+inactive,250
ZIONO,preferred,symbol_suffix:fifth_char_O+inactive,249
ZIP,common_stock,profile_fields_present,610
ZIPP,etf,is_etf=True,202
ZJK,common_stock,profile_fields_present,423
ZK,common_stock,profile_fields_present,412
ZLS,spac_or_blank_check,name_contains:ACQUISITION CORP,199
ZNTE,spac_or_blank_check,name_contains:ACQUISITION CORP,178
ZNTL,common_stock,profile_fields_present,613
ZOM,common_stock,profile_fields_present,313
ZSQR,common_stock,profile_fields_present,610
ZUMZ,common_stock,profile_fields_present,633
ZUO,common_stock,profile_fields_present,281
ZURA,common_stock,profile_fields_present,619
ZVRA,common_stock,profile_fields_present,642
ZYME,common_stock,profile_fields_present,646
ZYXI,common_stock,profile_fields_present,498
ZZZ,etf,is_etf=True,446
