ticker,security_type,reason,signals
AACT,spac_or_blank_check,name_contains:ACQUISITION CORPORATION,170
AADI,common_stock,profile_fields_present,3
AAM,spac_or_blank_check,name_contains:ACQUISITION CORP,78
AAMI,common_stock,profile_fields_present,76
AAP,common_stock,profile_fields_present,2
AARD,common_stock,profile_fields_present,1
AAT,common_stock,profile_fields_present,27
AAUC,common_stock,profile_fields_present,51
AB,common_stock,profile_fields_present,15
ABAT,common_stock,profile_fields_present,13
ABCL,common_stock,profile_fields_present,13
ABEO,common_stock,profile_fields_present,16
ABG,common_stock,profile_fields_present,6
ABIO,common_stock,profile_fields_present,9
ABL,common_stock,profile_fields_present,11
ABLLL,exchange_traded_debt,name_contains:NOTES,20
ABM,common_stock,profile_fields_present,18
ABOS,common_stock,profile_fields_present,10
ABSI,common_stock,profile_fields_present,11
ABUS,common_stock,profile_fields_present,17
ABX,common_stock,profile_fields_present,18
AC,common_stock,profile_fields_present,6
ACAC,spac_or_blank_check,name_contains:ACQUISITION CORPORATION,50
ACAD,common_stock,profile_fields_present,18
ACBA,spac_or_blank_check,industry_description:SHELL_COMPANIES+BUSINESS_COMBINATION,18
ACCO,common_stock,profile_fields_present,2
ACDC,common_stock,profile_fields_present,4
ACEL,common_stock,profile_fields_present,11
ACFN,common_stock,profile_fields_present,33
ACH,common_stock,profile_fields_present,10
ACHC,common_stock,profile_fields_present,6
ACHL,adr,raw_flag:isAdr,14
ACHR,common_stock,profile_fields_present,11
ACHV,common_stock,profile_fields_present,7
ACIC,common_stock,profile_fields_present,13
ACIU,common_stock,profile_fields_present,1
ACIW,common_stock,profile_fields_present,47
ACLS,common_stock,profile_fields_present,13
ACLX,common_stock,profile_fields_present,46
ACNB,common_stock,profile_fields_present,22
ACNT,common_stock,profile_fields_present,41
ACOG,common_stock,profile_fields_present,4
ACR,common_stock,profile_fields_present,64
ACRS,common_stock,profile_fields_present,11
ACST,common_stock,profile_fields_present,1
ACTG,common_stock,profile_fields_present,23
ACTU,common_stock,profile_fields_present,4
ACTV,etf,is_etf=True,7
ACU,common_stock,profile_fields_present,14
ACVA,common_stock,profile_fields_present,18
AD,common_stock,profile_fields_present,23
ADAC,common_stock,profile_fields_present,20
ADAM,common_stock,profile_fields_present,16
ADAP,adr,raw_flag:isAdr,3
ADD,common_stock,profile_fields_present,2
ADEA,common_stock,profile_fields_present,45
ADMA,common_stock,profile_fields_present,63
ADNT,common_stock,profile_fields_present,9
ADOC,spac_or_blank_check,name_contains:ACQUISITION CORP,2
ADPT,common_stock,profile_fields_present,39
ADRT,spac_or_blank_check,industry_description:SHELL_COMPANIES+BUSINESS_COMBINATION,8
ADSE,common_stock,profile_fields_present,37
ADT,common_stock,profile_fields_present,18
ADTH,common_stock,profile_fields_present,16
ADTN,common_stock,profile_fields_present,34
ADUR,common_stock,profile_fields_present,19
ADUS,common_stock,profile_fields_present,29
ADV,common_stock,profile_fields_present,5
ADVM,common_stock,profile_fields_present,2
AE,common_stock,profile_fields_present,13
AEC,common_stock,profile_fields_present,14
AEHR,common_stock,profile_fields_present,32
AEL,common_stock,profile_fields_present,8
AEMB,etf,is_etf=True,12
AENT,common_stock,profile_fields_present,17
AEO,common_stock,profile_fields_present,23
AESI,common_stock,profile_fields_present,18
AEVA,common_stock,profile_fields_present,30
AEYE,common_stock,profile_fields_present,27
AFBI,common_stock,profile_fields_present,36
AFCG,common_stock,profile_fields_present,12
AFGB,common_stock,profile_fields_present,3
AFGC,common_stock,profile_fields_present,1
AFGD,common_stock,profile_fields_present,12
AFGE,common_stock,profile_fields_present,7
AFRI,common_stock,profile_fields_present,5
AFT,mutual_fund,raw_flag:isFund,22
AFTY,etf,is_etf=True,3
AFYA,common_stock,profile_fields_present,2
AGAE,common_stock,profile_fields_present,11
AGBA,spac_or_blank_check,industry_description:SHELL_COMPANIES+BUSINESS_COMBINATION,4
AGCC,common_stock,profile_fields_present,10
AGFY,common_stock,profile_fields_present,3
AGIH,etf,is_etf=True,16
AGIO,common_stock,profile_fields_present,14
AGL,common_stock,profile_fields_present,11
AGM,common_stock,profile_fields_present,9
AGO,common_stock,profile_fields_present,18
AGS,common_stock,profile_fields_present,52
AGYS,common_stock,profile_fields_present,29
AHCO,common_stock,profile_fields_present,11
AHL,common_stock,profile_fields_present,35
AHOY,etf,is_etf=True,38
AI,common_stock,profile_fields_present,6
AIF,mutual_fund,raw_flag:isFund,9
AIFE,spac_or_blank_check,name_contains:ACQUISITION CORPORATION,16
AII,common_stock,profile_fields_present,22
AINC,common_stock,profile_fields_present,1
AIOT,common_stock,profile_fields_present,9
AIP,common_stock,profile_fields_present,40
AIR,common_stock,profile_fields_present,30
AIRG,common_stock,profile_fields_present,33
AIRJ,common_stock,profile_fields_present,6
AIRL,etf,is_etf=True,32
AIRS,common_stock,profile_fields_present,7
AIRT,common_stock,profile_fields_present,6
AISP,common_stock,profile_fields_present,2
AITR,spac_or_blank_check,name_contains:ACQUISITION CORP,135
AIV,common_stock,profile_fields_present,5
AIZN,common_stock,profile_fields_present,18
AJXA,common_stock,profile_fields_present,13
AKA,common_stock,profile_fields_present,10
AKR,common_stock,profile_fields_present,54
AKRO,common_stock,profile_fields_present,10
AL,common_stock,profile_fields_present,48
ALCC,spac_or_blank_check,name_contains:ACQUISITION CORP,10
ALCO,common_stock,profile_fields_present,29
ALE,common_stock,profile_fields_present,35
ALEX,common_stock,profile_fields_present,10
ALG,common_stock,profile_fields_present,24
ALGS,common_stock,profile_fields_present,8
ALGT,common_stock,profile_fields_present,17
ALHC,common_stock,profile_fields_present,41
ALIM,common_stock,profile_fields_present,9
ALK,common_stock,profile_fields_present,8
ALKT,common_stock,profile_fields_present,27
ALLT,common_stock,profile_fields_present,45
ALMS,common_stock,profile_fields_present,17
ALMU,common_stock,profile_fields_present,21
ALNT,common_stock,profile_fields_present,56
ALOT,common_stock,profile_fields_present,27
ALOY,common_stock,profile_fields_present,16
ALPN,common_stock,profile_fields_present,37
ALRM,common_stock,profile_fields_present,8
ALRN,common_stock,profile_fields_present,3
ALRS,common_stock,profile_fields_present,25
ALSA,spac_or_blank_check,name_contains:ACQUISITION CORPORATION,74
ALT,common_stock,profile_fields_present,1
ALTI,common_stock,profile_fields_present,2
ALTM,common_stock,profile_fields_present,17
ALTO,common_stock,profile_fields_present,28
ALTR,common_stock,profile_fields_present,25
ALVO,common_stock,profile_fields_present,11
ALX,common_stock,profile_fields_present,16
AMAL,common_stock,profile_fields_present,30
AMAM,common_stock,profile_fields_present,4
AMBA,common_stock,profile_fields_present,17
AMBC,common_stock,profile_fields_present,3
AMBP,common_stock,profile_fields_present,16
AMBQ,common_stock,profile_fields_present,9
AMCX,common_stock,profile_fields_present,2
AMED,common_stock,profile_fields_present,13
AMEH,common_stock,profile_fields_present,1
AMJ,etf,is_etf=True,16
AMK,common_stock,profile_fields_present,12
AMLX,common_stock,profile_fields_present,31
AMN,common_stock,profile_fields_present,4
AMNA,etf,is_etf=True,65
AMND,etf,is_etf=True,53
AMPG,common_stock,profile_fields_present,10
AMPGR,right,name_contains:RIGHT,2
AMPGZ,right,name_contains:RIGHT,1
AMPL,common_stock,profile_fields_present,1
AMPS,common_stock,profile_fields_present,8
AMPX,common_stock,profile_fields_present,34
AMPY,common_stock,profile_fields_present,6
AMR,common_stock,profile_fields_present,16
AMRC,common_stock,profile_fields_present,5
AMRK,common_stock,profile_fields_present,24
AMRX,common_stock,profile_fields_present,64
AMSC,common_stock,profile_fields_present,33
AMSF,common_stock,profile_fields_present,4
AMTB,common_stock,profile_fields_present,6
AMTX,common_stock,profile_fields_present,3
AMWD,common_stock,profile_fields_present,8
AMWL,common_stock,profile_fields_present,2
ANAB,common_stock,profile_fields_present,49
ANDE,common_stock,profile_fields_present,37
ANDG,common_stock,profile_fields_present,21
ANF,common_stock,profile_fields_present,30
ANGO,common_stock,profile_fields_present,12
ANIK,common_stock,profile_fields_present,10
ANIP,common_stock,profile_fields_present,32
ANIX,common_stock,profile_fields_present,4
ANNA,common_stock,profile_fields_present,23
ANNX,common_stock,profile_fields_present,10
ANPA,common_stock,profile_fields_present,4
ANRO,common_stock,profile_fields_present,21
ANSS,common_stock,profile_fields_present,5
ANTE,adr,raw_flag:isAdr,10
ANTX,common_stock,profile_fields_present,5
AOMR,common_stock,profile_fields_present,9
AORT,common_stock,profile_fields_present,47
AOSL,common_stock,profile_fields_present,17
AOUT,common_stock,profile_fields_present,24
AP,common_stock,profile_fields_present,33
APAC,spac_or_blank_check,name_contains:ACQUISITION CORPORATION,1
APAD,spac_or_blank_check,name_contains:ACQUISITION CORP,45
APADR,spac_or_blank_check,name_contains:ACQUISITION CORP,31
APAM,common_stock,profile_fields_present,8
APCA,spac_or_blank_check,name_contains:ACQUISITION CORP,68
APEI,common_stock,profile_fields_present,67
APLE,common_stock,profile_fields_present,14
APLS,common_stock,profile_fields_present,18
APOG,common_stock,profile_fields_present,31
APPN,common_stock,profile_fields_present,4
APPS,common_stock,profile_fields_present,12
APT,common_stock,profile_fields_present,14
APYX,common_stock,profile_fields_present,16
AQN,common_stock,profile_fields_present,14
AQST,common_stock,profile_fields_present,18
ARC,common_stock,profile_fields_present,19
ARCB,common_stock,profile_fields_present,33
ARCH,common_stock,profile_fields_present,4
ARCO,common_stock,profile_fields_present,5
ARCT,common_stock,profile_fields_present,7
ARDT,common_stock,profile_fields_present,1
ARDX,common_stock,profile_fields_present,8
AREA,etf,is_etf=True,1
AREC,common_stock,profile_fields_present,21
ARGD,common_stock,profile_fields_present,10
ARHS,common_stock,profile_fields_present,16
ARI,common_stock,profile_fields_present,9
ARIS,common_stock,profile_fields_present,102
ARIZ,spac_or_blank_check,name_contains:ACQUISITION CORP,3
ARKO,common_stock,profile_fields_present,10
ARL,common_stock,profile_fields_present,4
ARLO,common_stock,profile_fields_present,23
ARLP,common_stock,profile_fields_present,24
ARMP,common_stock,profile_fields_present,26
AROW,common_stock,profile_fields_present,25
ARQ,common_stock,profile_fields_present,15
ARQQ,common_stock,profile_fields_present,10
ARQT,common_stock,profile_fields_present,30
ARRW,spac_or_blank_check,name_contains:ACQUISITION CORP,9
ARRY,common_stock,profile_fields_present,12
ARTV,common_stock,profile_fields_present,7
ARVN,common_stock,profile_fields_present,8
ARYD,spac_or_blank_check,name_contains:ACQUISITION CORP,62
ASA,closed_end_fund,industry_description:ASSET_MANAGEMENT+FUND_TEMPLATE,95
ASAN,common_stock,profile_fields_present,3
ASB,common_stock,profile_fields_present,19
ASBA,common_stock,profile_fields_present,17
ASC,common_stock,profile_fields_present,33
ASCA,spac_or_blank_check,name_contains:SPAC,26
ASCB,spac_or_blank_check,name_contains:SPAC,9
ASGN,common_stock,profile_fields_present,11
ASH,common_stock,profile_fields_present,10
ASIX,common_stock,profile_fields_present,9
ASLE,common_stock,profile_fields_present,11
ASM,common_stock,profile_fields_present,72
ASMB,common_stock,profile_fields_present,46
ASNS,common_stock,profile_fields_present,1
ASO,common_stock,profile_fields_present,13
ASPI,common_stock,profile_fields_present,33
ASPN,common_stock,profile_fields_present,18
ASPS,common_stock,profile_fields_present,5
ASRT,common_stock,profile_fields_present,20
ASRV,common_stock,profile_fields_present,16
ASST,common_stock,profile_fields_present,4
ASTC,common_stock,profile_fields_present,5
ASTE,common_stock,profile_fields_present,28
ASTH,common_stock,profile_fields_present,28
ASTL,common_stock,profile_fields_present,5
ASUR,common_stock,profile_fields_present,7
ASYS,common_stock,profile_fields_present,34
ATAI,common_stock,profile_fields_present,23
ATAKR,spac_or_blank_check,name_contains:ACQUISITION CORP,1
ATCOL,non_common_series,symbol_suffix:fifth_char_L+inactive,16
ATEC,common_stock,profile_fields_present,28
ATEN,common_stock,profile_fields_present,47
ATEX,common_stock,profile_fields_present,38
ATGE,common_stock,profile_fields_present,56
ATGL,common_stock,profile_fields_present,6
ATKR,common_stock,profile_fields_present,13
ATLC,common_stock,profile_fields_present,30
ATLO,common_stock,profile_fields_present,44
ATMU,common_stock,profile_fields_present,72
ATMVR,spac_or_blank_check,name_contains:ACQUISITION CORP,22
ATNF,common_stock,profile_fields_present,2
ATNI,common_stock,profile_fields_present,10
ATOM,common_stock,profile_fields_present,9
ATOS,common_stock,profile_fields_present,7
ATRA,common_stock,profile_fields_present,2
ATRC,common_stock,profile_fields_present,8
ATRO,common_stock,profile_fields_present,65
ATSG,common_stock,profile_fields_present,21
ATUS,common_stock,profile_fields_present,1
ATXS,common_stock,profile_fields_present,15
AUBAP,preferred,symbol_suffix:fifth_char_P,2
AUBN,common_stock,profile_fields_present,8
AUGO,common_stock,profile_fields_present,37
AUPH,common_stock,profile_fields_present,27
AURA,common_stock,profile_fields_present,5
AVA,common_stock,profile_fields_present,13
AVAH,common_stock,profile_fields_present,40
AVBC,common_stock,profile_fields_present,26
AVBH,common_stock,profile_fields_present,21
AVBP,common_stock,profile_fields_present,25
AVDL,adr,raw_flag:isAdr,20
AVDX,common_stock,profile_fields_present,2
AVIR,common_stock,profile_fields_present,11
AVNS,common_stock,profile_fields_present,12
AVNT,common_stock,profile_fields_present,21
AVNW,common_stock,profile_fields_present,7
AVO,common_stock,profile_fields_present,20
AVPT,common_stock,profile_fields_present,48
AVR,common_stock,profile_fields_present,8
AVTE,common_stock,profile_fields_present,6
AVTX,common_stock,profile_fields_present,13
AVXL,common_stock,profile_fields_present,4
AWEG,etf,is_etf=True,28
AWR,common_stock,profile_fields_present,3
AX,common_stock,profile_fields_present,8
AXG,common_stock,profile_fields_present,17
AXGN,common_stock,profile_fields_present,62
AXIL,common_stock,profile_fields_present,1
AXL,common_stock,profile_fields_present,5
AXNX,common_stock,profile_fields_present,11
AXR,common_stock,profile_fields_present,24
AXTI,common_stock,profile_fields_present,55
AZ,common_stock,profile_fields_present,24
AZEK,common_stock,profile_fields_present,22
AZNH,etf,is_etf=True,14
AZPN,common_stock,profile_fields_present,25
AZTA,common_stock,profile_fields_present,2
AZZ,common_stock,profile_fields_present,61
BACA,spac_or_blank_check,name_contains:ACQUISITION CORP,3
BALY,common_stock,profile_fields_present,30
BANC,common_stock,profile_fields_present,22
BAND,common_stock,profile_fields_present,27
BANF,common_stock,profile_fields_present,16
BANR,common_stock,profile_fields_present,13
BANX,closed_end_fund,raw_description:CLOSED_END_MUTUAL_FUND,25
BARK,common_stock,profile_fields_present,13
BASE,common_stock,profile_fields_present,14
BATRA,common_stock,profile_fields_present,14
BATRK,common_stock,profile_fields_present,15
BBAI,common_stock,profile_fields_present,9
BBBY,common_stock,profile_fields_present,3
BBCB,etf,is_etf=True,17
BBCP,common_stock,profile_fields_present,14
BBGI,common_stock,profile_fields_present,5
BBNX,common_stock,profile_fields_present,14
BBOT,common_stock,profile_fields_present,8
BBSI,common_stock,profile_fields_present,39
BBT,common_stock,profile_fields_present,19
BBU,common_stock,profile_fields_present,36
BBUC,common_stock,profile_fields_present,35
BBW,common_stock,profile_fields_present,35
BBWI,common_stock,profile_fields_present,9
BCAL,common_stock,profile_fields_present,17
BCAX,common_stock,profile_fields_present,11
BCBP,common_stock,profile_fields_present,9
BCC,common_stock,profile_fields_present,12
BCIM,etf,is_etf=True,8
BCML,common_stock,profile_fields_present,16
BCO,common_stock,profile_fields_present,36
BCOV,common_stock,profile_fields_present,27
BCRX,common_stock,profile_fields_present,17
BCSA,spac_or_blank_check,name_contains:ACQUISITION CORP,9
BDC,common_stock,profile_fields_present,29
BDL,common_stock,profile_fields_present,5
BDN,common_stock,profile_fields_present,8
BDSX,common_stock,profile_fields_present,2
BEAM,common_stock,profile_fields_present,3
BECN,common_stock,profile_fields_present,31
BEDU,adr,raw_flag:isAdr,5
BELFB,common_stock,profile_fields_present,82
BERY,common_stock,profile_fields_present,16
BEST,adr,raw_flag:isAdr,11
BETR,common_stock,profile_fields_present,14
BFAC,spac_or_blank_check,name_contains:ACQUISITION CORP,1
BFAM,common_stock,profile_fields_present,23
BFC,common_stock,profile_fields_present,38
BFH,common_stock,profile_fields_present,52
BFIN,common_stock,profile_fields_present,22
BFK,mutual_fund,raw_flag:isFund,15
BFLY,common_stock,profile_fields_present,23
BFRE,etf,is_etf=True,44
BFS,common_stock,profile_fields_present,10
BFST,common_stock,profile_fields_present,12
BFZ,mutual_fund,raw_flag:isFund,7
BGNE,adr,raw_flag:isAdr,8
BGSI,common_stock,profile_fields_present,4
BH,common_stock,profile_fields_present,45
BHAC,spac_or_blank_check,name_contains:ACQUISITION CO,8
BHB,common_stock,profile_fields_present,16
BHC,common_stock,profile_fields_present,3
BHE,common_stock,profile_fields_present,55
BHF,common_stock,profile_fields_present,7
BHLB,common_stock,profile_fields_present,11
BHM,common_stock,profile_fields_present,7
BHR,common_stock,profile_fields_present,6
BHRB,common_stock,profile_fields_present,2
BHST,common_stock,profile_fields_present,22
BHVN,common_stock,profile_fields_present,11
BIGZ,mutual_fund,raw_flag:isFund,6
BILL,common_stock,profile_fields_present,8
BIOA,common_stock,profile_fields_present,9
BIPC,common_stock,profile_fields_present,26
BIRD,common_stock,profile_fields_present,1
BITE,spac_or_blank_check,name_contains:ACQUISITION CORP,9
BITF,common_stock,profile_fields_present,12
BJK,etf,is_etf=True,9
BJRI,common_stock,profile_fields_present,17
BK,common_stock,profile_fields_present,124
BKCC,business_development_company,raw_description:BUSINESS_DEVELOPMENT_COMPANY,2
BKD,common_stock,profile_fields_present,55
BKDT,common_stock,profile_fields_present,21
BKE,common_stock,profile_fields_present,14
BKIV,etf,is_etf=True,55
BKKT,common_stock,profile_fields_present,4
BKN,mutual_fund,raw_flag:isFund,16
BKSY,common_stock,profile_fields_present,34
BKTI,common_stock,profile_fields_present,51
BKU,common_stock,profile_fields_present,29
BKV,common_stock,profile_fields_present,22
BKWO,etf,is_etf=True,104
BL,common_stock,profile_fields_present,1
BLAC,spac_or_blank_check,name_contains:ACQUISITION CORP,51
BLBD,common_stock,profile_fields_present,45
BLBX,common_stock,profile_fields_present,13
BLCV,etf,is_etf=True,78
BLDE,common_stock,profile_fields_present,4
BLDP,common_stock,profile_fields_present,21
BLE,mutual_fund,raw_flag:isFund,14
BLFS,common_stock,profile_fields_present,18
BLFY,common_stock,profile_fields_present,25
BLMN,common_stock,profile_fields_present,4
BLUA,spac_or_blank_check,name_contains:ACQUISITION CORP,1
BLX,common_stock,profile_fields_present,68
BLZE,common_stock,profile_fields_present,14
BMAX,etf,is_etf=True,2
BMHL,common_stock,profile_fields_present,5
BMI,common_stock,profile_fields_present,33
BMRC,common_stock,profile_fields_present,12
BMTX,common_stock,profile_fields_present,35
BNAI,common_stock,profile_fields_present,4
BNIX,spac_or_blank_check,name_contains:ACQUISITION CORP,49
BNL,common_stock,profile_fields_present,26
BNRE,common_stock,profile_fields_present,27
BNTC,common_stock,profile_fields_present,25
BOCN,spac_or_blank_check,name_contains:ACQUISITION CORP,78
BODI,common_stock,profile_fields_present,14
BOF,common_stock,profile_fields_present,13
BOH,common_stock,profile_fields_present,12
BORR,common_stock,profile_fields_present,24
BOSC,common_stock,profile_fields_present,27
BOTJ,common_stock,profile_fields_present,42
BOW,common_stock,profile_fields_present,22
BOWN,spac_or_blank_check,name_contains:ACQUISITION CORP,104
BOX,common_stock,profile_fields_present,16
BPMC,common_stock,profile_fields_present,25
BPRN,common_stock,profile_fields_present,9
BRAC,spac_or_blank_check,name_contains:ACQUISITION CORP,75
BRBR,common_stock,profile_fields_present,33
BRBS,common_stock,profile_fields_present,19
BRC,common_stock,profile_fields_present,48
BRDG,common_stock,profile_fields_present,7
BREA,common_stock,profile_fields_present,3
BREZ,spac_or_blank_check,name_contains:ACQUISITION CORP,1
BREZR,spac_or_blank_check,name_contains:ACQUISITION CORP,10
BRFH,common_stock,profile_fields_present,10
BRFS,adr,raw_flag:isAdr,28
BRID,common_stock,profile_fields_present,3
BRIF,etf,is_etf=True,32
BRKL,common_stock,profile_fields_present,6
BROG,common_stock,profile_fields_present,4
BRT,common_stock,profile_fields_present,4
BRUN,common_stock,profile_fields_present,7
BRZE,common_stock,profile_fields_present,4
BSBK,common_stock,profile_fields_present,13
BSCO,etf,is_etf=True,71
BSET,common_stock,profile_fields_present,9
BSIG,common_stock,profile_fields_present,24
BSII,spac_or_blank_check,industry_description:SHELL_COMPANIES+BUSINESS_COMBINATION,39
BSJO,etf,is_etf=True,8
BSM,common_stock,profile_fields_present,1
BSRR,common_stock,profile_fields_present,30
BSVN,common_stock,profile_fields_present,24
BTA,mutual_fund,raw_flag:isFund,7
BTCM,adr,raw_flag:isAdr,1
BTDR,common_stock,profile_fields_present,10
BTE,common_stock,profile_fields_present,44
BTEC,etf,is_etf=True,6
BTFX,etf,is_etf=True,10
BTM,common_stock,profile_fields_present,14
BTMD,common_stock,profile_fields_present,4
BTOP,etf,is_etf=True,21
BTU,common_stock,profile_fields_present,13
BUDA,common_stock,profile_fields_present,2
BUJA,spac_or_blank_check,industry_description:SHELL_COMPANIES+BUSINESS_COMBINATION,87
BUR,common_stock,profile_fields_present,2
BUSE,common_stock,profile_fields_present,19
BUUU,common_stock,profile_fields_present,11
BV,common_stock,profile_fields_present,42
BVC,common_stock,profile_fields_present,1
BVFL,common_stock,profile_fields_present,41
BVS,common_stock,profile_fields_present,43
BW,common_stock,profile_fields_present,40
BWAQ,spac_or_blank_check,name_contains:ACQUISITION CORPORATION,26
BWAQR,spac_or_blank_check,name_contains:ACQUISITION CORPORATION,9
BWB,common_stock,profile_fields_present,32
BWEB,etf,is_etf=True,51
BWEN,common_stock,profile_fields_present,11
BWFG,common_stock,profile_fields_present,54
BWIN,common_stock,profile_fields_present,17
BWLP,common_stock,profile_fields_present,25
BWMN,common_stock,profile_fields_present,21
BWMX,common_stock,profile_fields_present,17
BWNB,common_stock,profile_fields_present,35
BWSN,common_stock,profile_fields_present,20
BXC,common_stock,profile_fields_present,10
BXMT,common_stock,profile_fields_present,6
BXMX,mutual_fund,raw_flag:isFund,35
BY,common_stock,profile_fields_present,25
BYFC,common_stock,profile_fields_present,8
BYM,mutual_fund,raw_flag:isFund,6
BYRN,common_stock,profile_fields_present,33
BZH,common_stock,profile_fields_present,8
CAAP,common_stock,profile_fields_present,44
CAAS,common_stock,profile_fields_present,1
CABA,common_stock,profile_fields_present,4
CAC,common_stock,profile_fields_present,18
CACG,etf,is_etf=True,23
CACO,common_stock,profile_fields_present,1
CADE,common_stock,profile_fields_present,23
CADL,common_stock,profile_fields_present,18
CAKE,common_stock,profile_fields_present,37
CAL,common_stock,profile_fields_present,18
CALM,common_stock,profile_fields_present,48
CALT,adr,raw_flag:isAdr,6
CALX,common_stock,profile_fields_present,36
CALY,common_stock,profile_fields_present,17
CAPL,common_stock,profile_fields_present,12
CAPR,common_stock,profile_fields_present,17
CARE,common_stock,profile_fields_present,51
CARG,common_stock,profile_fields_present,36
CASH,common_stock,profile_fields_present,41
CASI,common_stock,profile_fields_present,1
CASS,common_stock,profile_fields_present,7
CATC,common_stock,profile_fields_present,1
CATX,common_stock,profile_fields_present,30
CATY,common_stock,profile_fields_present,27
CBAN,common_stock,profile_fields_present,32
CBAY,common_stock,profile_fields_present,12
CBFV,common_stock,profile_fields_present,31
CBH,mutual_fund,raw_flag:isFund,35
CBK,common_stock,profile_fields_present,17
CBL,common_stock,profile_fields_present,61
CBNA,common_stock,profile_fields_present,23
CBNK,common_stock,profile_fields_present,26
CBRL,common_stock,profile_fields_present,3
CBT,common_stock,profile_fields_present,37
CBU,common_stock,profile_fields_present,11
CBZ,common_stock,profile_fields_present,31
CC,common_stock,profile_fields_present,17
CCB,common_stock,profile_fields_present,55
CCBG,common_stock,profile_fields_present,31
CCC,common_stock,profile_fields_present,2
CCCC,common_stock,profile_fields_present,16
CCCS,common_stock,profile_fields_present,2
CCEC,common_stock,profile_fields_present,33
CCIR,spac_or_blank_check,name_contains:ACQUISITION CORP,13
CCIX,common_stock,profile_fields_present,45
CCLD,common_stock,profile_fields_present,6
CCLDO,preferred,symbol_suffix:fifth_char_O+inactive,52
CCMG,etf,name_contains:ETF,27
CCNE,common_stock,profile_fields_present,27
CCO,common_stock,profile_fields_present,28
CCOI,common_stock,profile_fields_present,11
CCRD,common_stock,profile_fields_present,23
CCS,common_stock,profile_fields_present,13
CCSI,common_stock,profile_fields_present,11
CCTS,spac_or_blank_check,name_contains:ACQUISITION CORP,3
CCXI,common_stock,profile_fields_present,4
CDMO,common_stock,profile_fields_present,7
CDNA,common_stock,profile_fields_present,27
CDNL,common_stock,profile_fields_present,18
CDP,common_stock,profile_fields_present,38
CDRE,common_stock,profile_fields_present,26
CDRO,common_stock,profile_fields_present,33
CDTX,common_stock,profile_fields_present,41
CDXC,common_stock,profile_fields_present,22
CDXS,common_stock,profile_fields_present,6
CDZI,common_stock,profile_fields_present,15
CECO,common_stock,profile_fields_present,66
CEIX,common_stock,profile_fields_present,7
CELC,common_stock,profile_fields_present,43
CEM,mutual_fund,raw_flag:isFund,32
CENT,common_stock,profile_fields_present,3
CEP,spac_or_blank_check,industry_description:SHELL_COMPANIES+BUSINESS_COMBINATION,25
CEPS,common_stock,profile_fields_present,1
CERE,common_stock,profile_fields_present,9
CERS,common_stock,profile_fields_present,11
CET,closed_end_fund,manual_override:known_cef,81
CETU,spac_or_blank_check,name_contains:ACQUISITION CORP,1
CEVA,common_stock,profile_fields_present,32
CFB,common_stock,profile_fields_present,10
CFBK,common_stock,profile_fields_present,25
CFFI,common_stock,profile_fields_present,10
CFFN,common_stock,profile_fields_present,20
CFFS,spac_or_blank_check,name_contains:ACQUISITION CORP,57
CFLT,common_stock,profile_fields_present,3
CFSB,common_stock,profile_fields_present,41
CGAU,common_stock,profile_fields_present,54
CGBDL,exchange_traded_debt,name_contains:NOTES,6
CGEM,common_stock,profile_fields_present,26
CGEN,common_stock,profile_fields_present,15
CGNT,common_stock,profile_fields_present,32
CGON,common_stock,profile_fields_present,21
CHAA,spac_or_blank_check,industry_description:SHELL_COMPANIES+BUSINESS_COMBINATION,36
CHAC,spac_or_blank_check,name_contains:ACQUISITION CORP,21
CHACR,spac_or_blank_check,name_contains:ACQUISITION CORP,9
CHCI,common_stock,profile_fields_present,42
CHCO,common_stock,profile_fields_present,5
CHEA,spac_or_blank_check,name_contains:ACQUISITION CO,8
CHEB,spac_or_blank_check,industry_description:SHELL_COMPANIES+BUSINESS_COMBINATION,6
CHEF,common_stock,profile_fields_present,62
CHEK,common_stock,profile_fields_present,1
CHH,common_stock,profile_fields_present,15
CHKEZ,non_common_series,symbol_suffix:fifth_char_Z+inactive,2
CHMG,common_stock,profile_fields_present,29
CHN,mutual_fund,raw_flag:isFund,42
CHS,common_stock,profile_fields_present,2
CHX,common_stock,profile_fields_present,2
CIA,common_stock,profile_fields_present,16
CID,etf,is_etf=True,18
CIGI,common_stock,profile_fields_present,37
CIMN,common_stock,profile_fields_present,10
CINT,common_stock,profile_fields_present,9
CIO,common_stock,profile_fields_present,13
CITE,spac_or_blank_check,name_contains:ACQUISITION CORP,89
CITR,common_stock,profile_fields_present,3
CIVB,common_stock,profile_fields_present,19
CIX,common_stock,profile_fields_present,6
CIZ,etf,is_etf=True,9
CKPT,common_stock,profile_fields_present,9
CLB,common_stock,profile_fields_present,1
CLBK,common_stock,profile_fields_present,18
CLBR,spac_or_blank_check,name_contains:ACQUISITION CORP,30
CLBT,common_stock,profile_fields_present,48
CLCO,common_stock,profile_fields_present,1
CLDL,etf,is_etf=True,16
CLDT,common_stock,profile_fields_present,23
CLDX,common_stock,profile_fields_present,14
CLFD,common_stock,profile_fields_present,7
CLMB,common_stock,profile_fields_present,34
CLMT,common_stock,profile_fields_present,42
CLNN,common_stock,profile_fields_present,4
CLNR,etf,is_etf=True,8
CLOV,common_stock,profile_fields_present,25
CLPR,common_stock,profile_fields_present,10
CLPT,common_stock,profile_fields_present,24
CLRCR,right,symbol_suffix:fifth_char_R+inactive,10
CLSD,common_stock,profile_fields_present,4
CLSK,common_stock,profile_fields_present,12
CLST,common_stock,profile_fields_present,58
CLW,common_stock,profile_fields_present,24
CLYM,common_stock,profile_fields_present,24
CMA,common_stock,profile_fields_present,29
CMBM,common_stock,profile_fields_present,2
CMCA,spac_or_blank_check,name_contains:ACQUISITION CORP,15
CMCL,common_stock,profile_fields_present,43
CMCO,common_stock,profile_fields_present,6
CMDB,common_stock,profile_fields_present,12
CMP,common_stock,profile_fields_present,33
CMPO,common_stock,profile_fields_present,66
CMPR,common_stock,profile_fields_present,21
CMPX,common_stock,profile_fields_present,29
CMRE,common_stock,profile_fields_present,62
CMRX,common_stock,profile_fields_present,44
CMT,common_stock,profile_fields_present,19
CMTL,common_stock,profile_fields_present,8
CMTV,common_stock,profile_fields_present,93
CNDB,spac_or_blank_check,name_contains:ACQUISITION CORP,1
CNFR,common_stock,profile_fields_present,3
CNK,common_stock,profile_fields_present,35
CNL,common_stock,profile_fields_present,64
CNNE,common_stock,profile_fields_present,3
CNO,common_stock,profile_fields_present,54
CNOB,common_stock,profile_fields_present,28
CNR,common_stock,profile_fields_present,14
CNS,common_stock,profile_fields_present,18
CNSL,common_stock,profile_fields_present,28
CNTN,common_stock,profile_fields_present,3
CNVS,common_stock,profile_fields_present,21
CNX,common_stock,profile_fields_present,48
CNXN,common_stock,profile_fields_present,12
COCO,common_stock,profile_fields_present,46
CODA,common_stock,profile_fields_present,21
CODI,common_stock,profile_fields_present,6
COFS,common_stock,profile_fields_present,13
COHU,common_stock,profile_fields_present,27
COLL,common_stock,profile_fields_present,32
COLM,common_stock,profile_fields_present,16
COMM,common_stock,profile_fields_present,47
COMP,common_stock,profile_fields_present,35
CON,common_stock,profile_fields_present,7
COOL,spac_or_blank_check,name_contains:ACQUISITION CORP,4
COOP,common_stock,profile_fields_present,69
COSO,common_stock,profile_fields_present,18
COTY,common_stock,profile_fields_present,3
COUR,common_stock,profile_fields_present,4
COYA,common_stock,profile_fields_present,12
CPBI,common_stock,profile_fields_present,83
CPF,common_stock,profile_fields_present,59
CPG,common_stock,profile_fields_present,7
CPHC,common_stock,profile_fields_present,1
CPIX,common_stock,profile_fields_present,12
CPK,common_stock,profile_fields_present,25
CPRI,common_stock,profile_fields_present,2
CPRX,common_stock,profile_fields_present,35
CPS,common_stock,profile_fields_present,20
CPSH,common_stock,profile_fields_present,24
CPSS,common_stock,profile_fields_present,11
CPTK,common_stock,profile_fields_present,17
CRAI,common_stock,profile_fields_present,43
CRBP,common_stock,profile_fields_present,18
CRCT,common_stock,profile_fields_present,2
CREX,common_stock,profile_fields_present,11
CRGX,common_stock,profile_fields_present,4
CRGY,common_stock,profile_fields_present,24
CRI,common_stock,profile_fields_present,11
CRIT,etf,is_etf=True,3
CRK,common_stock,profile_fields_present,30
CRMD,common_stock,profile_fields_present,30
CRML,common_stock,profile_fields_present,6
CRNT,common_stock,profile_fields_present,24
CRNX,common_stock,profile_fields_present,26
CRON,common_stock,profile_fields_present,11
CRSP,common_stock,profile_fields_present,11
CRSR,common_stock,profile_fields_present,3
CRUZ,etf,is_etf=True,30
CRVL,common_stock,profile_fields_present,27
CRVS,common_stock,profile_fields_present,32
CRWS,common_stock,profile_fields_present,1
CSBR,common_stock,profile_fields_present,12
CSGS,common_stock,profile_fields_present,34
CSIQ,common_stock,profile_fields_present,9
CSLMR,spac_or_blank_check,name_contains:ACQUISITION CORP,18
CSLR,common_stock,profile_fields_present,1
CSML,etf,is_etf=True,3
CSPI,common_stock,profile_fields_present,8
CSR,common_stock,profile_fields_present,19
CSTL,common_stock,profile_fields_present,24
CSTM,common_stock,profile_fields_present,55
CSV,common_stock,profile_fields_present,41
CSW,common_stock,profile_fields_present,57
CSWCZ,business_development_company,raw_description:BUSINESS_DEVELOPMENT_COMPANY,2
CSWI,common_stock,profile_fields_present,57
CTBB,common_stock,profile_fields_present,43
CTBI,common_stock,profile_fields_present,26
CTEV,common_stock,profile_fields_present,24
CTGO,common_stock,profile_fields_present,17
CTLT,common_stock,profile_fields_present,12
CTMX,common_stock,profile_fields_present,29
CTNM,common_stock,profile_fields_present,9
CTO,common_stock,profile_fields_present,20
CTOS,common_stock,profile_fields_present,32
CTR,mutual_fund,raw_flag:isFund,33
CTRA,common_stock,profile_fields_present,19
CTRI,common_stock,profile_fields_present,32
CTRN,common_stock,profile_fields_present,27
CTS,common_stock,profile_fields_present,30
CTV,common_stock,profile_fields_present,15
CUBA,mutual_fund,raw_flag:isFund,1
CUBB,common_stock,profile_fields_present,16
CUBI,common_stock,profile_fields_present,19
CUE,common_stock,profile_fields_present,3
CUK,adr,raw_flag:isAdr,39
CULP,common_stock,profile_fields_present,6
CURB,common_stock,profile_fields_present,20
CURI,common_stock,profile_fields_present,39
CURR,common_stock,profile_fields_present,4
CUZ,common_stock,profile_fields_present,25
CVAC,common_stock,profile_fields_present,1
CVBF,common_stock,profile_fields_present,6
CVCO,common_stock,profile_fields_present,47
CVEO,common_stock,profile_fields_present,39
CVGI,common_stock,profile_fields_present,16
CVGW,common_stock,profile_fields_present,1
CVI,common_stock,profile_fields_present,18
CVII,spac_or_blank_check,industry_description:SHELL_COMPANIES+BUSINESS_COMBINATION,8
CVLG,common_stock,profile_fields_present,35
CVSE,etf,is_etf=True,68
CVU,common_stock,profile_fields_present,25
CVV,common_stock,profile_fields_present,11
CWBC,common_stock,profile_fields_present,13
CWCO,common_stock,profile_fields_present,26
CWK,common_stock,profile_fields_present,24
CWT,common_stock,profile_fields_present,3
CXDO,common_stock,profile_fields_present,22
CXT,common_stock,profile_fields_present,8
CXW,common_stock,profile_fields_present,14
CYBR,common_stock,profile_fields_present,71
CYCCP,preferred,symbol_suffix:fifth_char_P,5
CYD,common_stock,profile_fields_present,53
CYH,common_stock,profile_fields_present,14
CYRX,common_stock,profile_fields_present,15
CZFS,common_stock,profile_fields_present,7
CZNC,common_stock,profile_fields_present,7
CZWI,common_stock,profile_fields_present,60
DAC,common_stock,profile_fields_present,61
DAIO,common_stock,profile_fields_present,13
DAKT,common_stock,profile_fields_present,25
DALN,common_stock,profile_fields_present,19
DAN,common_stock,profile_fields_present,68
DATS,common_stock,profile_fields_present,1
DAVE,common_stock,profile_fields_present,59
DAY,common_stock,profile_fields_present,6
DBD,common_stock,profile_fields_present,82
DBI,common_stock,profile_fields_present,5
DBRG,common_stock,profile_fields_present,41
DC,common_stock,profile_fields_present,34
DCBO,common_stock,profile_fields_present,3
DCF,mutual_fund,raw_flag:isFund,59
DCH,common_stock,profile_fields_present,6
DCO,common_stock,profile_fields_present,87
DCOM,common_stock,profile_fields_present,28
DCOMP,preferred,symbol_suffix:fifth_char_P,12
DCPH,common_stock,profile_fields_present,24
DCTH,common_stock,profile_fields_present,29
DDD,common_stock,profile_fields_present,1
DEA,common_stock,profile_fields_present,4
DEC,common_stock,profile_fields_present,6
DECA,spac_or_blank_check,name_contains:ACQUISITION CORP,22
DEI,common_stock,profile_fields_present,26
DERM,common_stock,profile_fields_present,14
DESP,common_stock,profile_fields_present,26
DFDV,common_stock,profile_fields_present,14
DFH,common_stock,profile_fields_present,7
DFIN,common_stock,profile_fields_present,13
DFS,common_stock,profile_fields_present,30
DFTX,common_stock,profile_fields_present,45
DGHI,common_stock,profile_fields_present,5
DGICA,common_stock,profile_fields_present,28
DGII,common_stock,profile_fields_present,46
DGXX,common_stock,profile_fields_present,16
DHAC,spac_or_blank_check,name_contains:ACQUISITION CORP,6
DHC,common_stock,profile_fields_present,42
DHCA,spac_or_blank_check,name_contains:ACQUISITION CORP,3
DHT,common_stock,profile_fields_present,45
DHX,common_stock,profile_fields_present,11
DIAX,mutual_fund,raw_flag:isFund,28
DIBS,common_stock,profile_fields_present,16
DIN,common_stock,profile_fields_present,6
DIOD,common_stock,profile_fields_present,24
DIP,etf,is_etf=True,24
DIST,spac_or_blank_check,name_contains:ACQUISITION CORPORATION,46
DIT,common_stock,profile_fields_present,10
DJCB,etf,is_etf=True,4
DJCO,common_stock,profile_fields_present,25
DK,common_stock,profile_fields_present,37
DKL,common_stock,profile_fields_present,17
DLHC,common_stock,profile_fields_present,5
DLNG,common_stock,profile_fields_present,23
DLO,common_stock,profile_fields_present,4
DLTH,common_stock,profile_fields_present,2
DLX,common_stock,profile_fields_present,26
DMAC,common_stock,profile_fields_present,26
DMCY,etf,is_etf=True,71
DMF,closed_end_fund,raw_description:CLOSED_END_MUTUAL_FUND,37
DMLP,common_stock,profile_fields_present,11
DMRC,common_stock,profile_fields_present,10
DNB,common_stock,profile_fields_present,5
DNLI,common_stock,profile_fields_present,9
DNMX,common_stock,profile_fields_present,13
DNN,common_stock,profile_fields_present,40
DNOW,common_stock,profile_fields_present,13
DNTH,common_stock,profile_fields_present,46
DNUT,common_stock,profile_fields_present,1
DOCS,common_stock,profile_fields_present,28
DOLE,common_stock,profile_fields_present,28
DOMA,common_stock,profile_fields_present,3
DOMH,common_stock,profile_fields_present,4
DOMO,common_stock,profile_fields_present,18
DOOO,common_stock,profile_fields_present,3
DOOR,common_stock,profile_fields_present,19
DORM,common_stock,profile_fields_present,34
DPCS,spac_or_blank_check,name_contains:ACQUISITION CORP,71
DPRO,common_stock,profile_fields_present,9
DPSI,common_stock,profile_fields_present,17
DRH,common_stock,profile_fields_present,25
DRRX,common_stock,profile_fields_present,10
DRTS,common_stock,profile_fields_present,27
DRUG,common_stock,profile_fields_present,25
DRVN,common_stock,profile_fields_present,17
DSGN,common_stock,profile_fields_present,35
DSGR,common_stock,profile_fields_present,18
DSKE,common_stock,profile_fields_present,9
DSP,common_stock,profile_fields_present,38
DSWL,common_stock,profile_fields_present,10
DSX,common_stock,profile_fields_present,17
DTB,common_stock,profile_fields_present,2
DTG,common_stock,profile_fields_present,3
DTI,common_stock,profile_fields_present,6
DTW,common_stock,profile_fields_present,6
DUET,spac_or_blank_check,name_contains:ACQUISITION CORP,40
DUOT,common_stock,profile_fields_present,24
DV,common_stock,profile_fields_present,3
DVAX,common_stock,profile_fields_present,14
DVS,common_stock,profile_fields_present,14
DWAC,spac_or_blank_check,name_contains:ACQUISITION CORP,6
DWAT,etf,is_etf=True,37
DWSN,common_stock,profile_fields_present,12
DX,common_stock,profile_fields_present,16
DXJS,etf,is_etf=True,43
DXPE,common_stock,profile_fields_present,69
DXR,common_stock,profile_fields_present,15
DXYZ,closed_end_fund,raw_description:CLOSED_END_SUBJECT_POSITION,2
DYN,common_stock,profile_fields_present,26
DYNI,etf,is_etf=True,9
DYOR,common_stock,profile_fields_present,26
EAC,spac_or_blank_check,name_contains:ACQUISITION CORP,11
EAI,common_stock,profile_fields_present,3
EB,common_stock,profile_fields_present,15
EBC,common_stock,profile_fields_present,24
EBF,common_stock,profile_fields_present,14
EBLU,mutual_fund,name_contains:FUND,32
EBMT,common_stock,profile_fields_present,38
EBR,adr,raw_flag:isAdr,29
EBS,common_stock,profile_fields_present,16
EBTC,common_stock,profile_fields_present,7
ECBK,common_stock,profile_fields_present,31
ECCC,closed_end_fund,raw_description:CLOSED_END_SUBJECT_POSITION,26
ECCF,closed_end_fund,raw_description:CLOSED_END_SUBJECT_POSITION,1
ECCU,common_stock,profile_fields_present,11
ECCW,adr,raw_flag:isAdr,31
ECCX,exchange_traded_debt,name_contains:NT,13
ECLN,etf,is_etf=True,62
ECOR,common_stock,profile_fields_present,28
ECPG,common_stock,profile_fields_present,30
ECVT,common_stock,profile_fields_present,35
EDAP,adr,raw_flag:isAdr,13
EDIT,common_stock,profile_fields_present,4
EDR,common_stock,profile_fields_present,58
EDRY,common_stock,profile_fields_present,28
EDSA,common_stock,profile_fields_present,9
EE,common_stock,profile_fields_present,48
EEFT,common_stock,profile_fields_present,1
EEX,common_stock,profile_fields_present,7
EFC,common_stock,profile_fields_present,1
EFIX,etf,is_etf=True,11
EFOR,common_stock,profile_fields_present,11
EFSC,common_stock,profile_fields_present,11
EFSI,common_stock,profile_fields_present,27
EGAN,common_stock,profile_fields_present,13
EGBN,common_stock,profile_fields_present,3
EGF,mutual_fund,raw_flag:isFund,4
EGG,common_stock,profile_fields_present,5
EGPT,etf,is_etf=True,7
EGY,common_stock,profile_fields_present,31
EHAB,common_stock,profile_fields_present,23
EIC,closed_end_fund,manual_override:known_cef,9
EICA,closed_end_fund,manual_override:known_cef,42
EICB,closed_end_fund,manual_override:known_cef,1
EICC,closed_end_fund,manual_override:known_cef,8
EIG,common_stock,profile_fields_present,13
ELA,common_stock,profile_fields_present,58
ELDN,common_stock,profile_fields_present,12
ELE,common_stock,profile_fields_present,4
ELEV,common_stock,profile_fields_present,3
ELF,common_stock,profile_fields_present,19
ELIS,etf,is_etf=True,2
ELLO,common_stock,profile_fields_present,22
ELMD,common_stock,profile_fields_present,51
ELME,common_stock,profile_fields_present,17
ELON,etf,is_etf=True,8
ELP,adr,raw_flag:isAdr,35
ELQD,etf,is_etf=True,10
ELTK,common_stock,profile_fields_present,9
ELTX,common_stock,profile_fields_present,15
ELVA,common_stock,profile_fields_present,42
ELVN,common_stock,profile_fields_present,29
ELWS,adr,raw_flag:isAdr,3
ELWT,common_stock,profile_fields_present,4
EMBC,common_stock,profile_fields_present,4
EMCG,spac_or_blank_check,name_contains:ACQUISITION CORP,171
EMES,etf,is_etf=True,22
EML,common_stock,profile_fields_present,9
EMLD,spac_or_blank_check,name_contains:ACQUISITION CORP,8
EMP,common_stock,profile_fields_present,4
EMX,common_stock,profile_fields_present,50
ENCP,spac_or_blank_check,industry_description:SHELL_COMPANIES+BUSINESS_COMBINATION,16
ENFN,common_stock,profile_fields_present,14
ENLC,common_stock,profile_fields_present,27
ENR,common_stock,profile_fields_present,7
ENTA,common_stock,profile_fields_present,5
ENTR,etf,is_etf=True,19
ENV,common_stock,profile_fields_present,8
ENVA,common_stock,profile_fields_present,71
ENX,mutual_fund,raw_flag:isFund,6
EOLS,common_stock,profile_fields_present,16
EOSE,common_stock,profile_fields_present,43
EPAC,common_stock,profile_fields_present,36
EPAM,common_stock,profile_fields_present,1
EPIX,common_stock,profile_fields_present,6
EPR,common_stock,profile_fields_present,25
EPSN,common_stock,profile_fields_present,27
EPWK,common_stock,profile_fields_present,2
EQ,common_stock,profile_fields_present,22
EQBK,common_stock,profile_fields_present,20
EQC,common_stock,profile_fields_present,17
EQUL,etf,is_etf=True,40
EQV,spac_or_blank_check,name_contains:ACQUISITION CORP,17
ERAS,common_stock,profile_fields_present,49
ERF,common_stock,profile_fields_present,18
ERII,common_stock,profile_fields_present,2
ERJ,adr,raw_flag:isAdr,46
ERO,common_stock,profile_fields_present,23
ESAC,spac_or_blank_check,name_contains:ACQUISITION CORPORATION,17
ESBA,common_stock,profile_fields_present,11
ESCA,common_stock,profile_fields_present,8
ESEA,common_stock,profile_fields_present,51
ESGL,common_stock,profile_fields_present,24
ESGR,common_stock,profile_fields_present,16
ESGRO,preferred,symbol_suffix:fifth_char_O+inactive,7
ESGRP,preferred,symbol_suffix:fifth_char_P,6
ESMT,common_stock,profile_fields_present,9
ESOA,common_stock,profile_fields_present,45
ESP,common_stock,profile_fields_present,50
ESPR,common_stock,profile_fields_present,8
ESQ,common_stock,profile_fields_present,64
ESRT,common_stock,profile_fields_present,11
ESSA,common_stock,profile_fields_present,7
ESTA,common_stock,profile_fields_present,22
ETHZ,common_stock,profile_fields_present,2
ETNB,common_stock,profile_fields_present,1
ETON,common_stock,profile_fields_present,54
ETRN,common_stock,profile_fields_present,28
EURN,common_stock,profile_fields_present,9
EUSC,etf,is_etf=True,59
EV,etf,is_etf=True,6
EVAV,etf,is_etf=True,4
EVBG,common_stock,profile_fields_present,2
EVBN,common_stock,profile_fields_present,23
EVC,common_stock,profile_fields_present,22
EVCM,common_stock,profile_fields_present,10
EVE,spac_or_blank_check,name_contains:ACQUISITION CORP,23
EVER,common_stock,profile_fields_present,20
EVEX,common_stock,profile_fields_present,5
EVI,common_stock,profile_fields_present,12
EVLV,common_stock,profile_fields_present,22
EVM,mutual_fund,raw_flag:isFund,16
EVMN,common_stock,profile_fields_present,2
EVOK,common_stock,profile_fields_present,15
EVRI,common_stock,profile_fields_present,71
EVTC,common_stock,profile_fields_present,4
EVTL,common_stock,profile_fields_present,1
EWTX,common_stock,profile_fields_present,32
EXAS,common_stock,profile_fields_present,36
EXK,common_stock,profile_fields_present,32
EXLS,common_stock,profile_fields_present,42
EXOD,common_stock,profile_fields_present,24
EXPO,common_stock,profile_fields_present,15
EXTO,adr,raw_flag:isAdr,3
EXTR,common_stock,profile_fields_present,17
EYE,common_stock,profile_fields_present,30
EYPT,common_stock,profile_fields_present,21
EZPW,common_stock,profile_fields_present,79
FA,common_stock,profile_fields_present,27
FAM,mutual_fund,raw_flag:isFund,3
FARO,common_stock,profile_fields_present,21
FBGX,etf,is_etf=True,31
FBIN,common_stock,profile_fields_present,14
FBIO,common_stock,profile_fields_present,11
FBIZ,common_stock,profile_fields_present,28
FBK,common_stock,profile_fields_present,16
FBLA,common_stock,profile_fields_present,18
FBMS,common_stock,profile_fields_present,12
FBNC,common_stock,profile_fields_present,24
FBP,common_stock,profile_fields_present,37
FBRX,common_stock,profile_fields_present,11
FBYD,common_stock,profile_fields_present,6
FC,common_stock,profile_fields_present,2
FCAP,common_stock,profile_fields_present,23
FCBC,common_stock,profile_fields_present,16
FCCO,common_stock,profile_fields_present,38
FCEL,common_stock,profile_fields_present,9
FCF,common_stock,profile_fields_present,18
FCN,common_stock,profile_fields_present,4
FCO,mutual_fund,raw_flag:isFund,16
FCPT,common_stock,profile_fields_present,17
FDBC,common_stock,profile_fields_present,2
FDMT,common_stock,profile_fields_present,12
FDP,common_stock,profile_fields_present,26
FDSB,common_stock,profile_fields_present,42
FDWM,etf,is_etf=True,70
FEI,mutual_fund,raw_flag:isFund,18
FEIM,common_stock,profile_fields_present,48
FELE,common_stock,profile_fields_present,10
FEN,mutual_fund,raw_flag:isFund,20
FENC,common_stock,profile_fields_present,17
FET,common_stock,profile_fields_present,60
FEXD,spac_or_blank_check,industry_description:SHELL_COMPANIES+BUSINESS_COMBINATION,26
FF,common_stock,profile_fields_present,2
FFBC,common_stock,profile_fields_present,17
FFIC,common_stock,profile_fields_present,5
FFIN,common_stock,profile_fields_present,10
FFNW,common_stock,profile_fields_present,18
FG,common_stock,profile_fields_present,5
FGB,mutual_fund,raw_flag:isFund,59
FGBI,common_stock,profile_fields_present,6
FGN,common_stock,profile_fields_present,9
FGNX,common_stock,profile_fields_present,1
FHB,common_stock,profile_fields_present,9
FHI,common_stock,profile_fields_present,57
FHLT,spac_or_blank_check,industry_description:SHELL_COMPANIES+BUSINESS_COMBINATION,8
FHTX,common_stock,profile_fields_present,8
FI,common_stock,profile_fields_present,77
FIBK,common_stock,profile_fields_present,16
FIF,mutual_fund,raw_flag:isFund,16
FIGS,common_stock,profile_fields_present,33
FIHL,common_stock,profile_fields_present,30
FILL,etf,is_etf=True,10
FINE,etf,is_etf=True,1
FINW,common_stock,profile_fields_present,26
FIP,common_stock,profile_fields_present,31
FISI,common_stock,profile_fields_present,35
FISK,common_stock,profile_fields_present,5
FKWL,common_stock,profile_fields_present,25
FLFV,spac_or_blank_check,name_contains:ACQUISITION CORPORATION,1
FLGT,common_stock,profile_fields_present,11
FLHK,etf,is_etf=True,4
FLIC,common_stock,profile_fields_present,2
FLME,spac_or_blank_check,name_contains:ACQUISITION CORP,10
FLNC,common_stock,profile_fields_present,9
FLNG,common_stock,profile_fields_present,13
FLNT,common_stock,profile_fields_present,6
FLOC,common_stock,profile_fields_present,9
FLXS,common_stock,profile_fields_present,33
FLYW,common_stock,profile_fields_present,2
FLYX,common_stock,profile_fields_present,4
FM,etf,is_etf=True,7
FMAO,common_stock,profile_fields_present,10
FMBH,common_stock,profile_fields_present,27
FMNB,common_stock,profile_fields_present,3
FNA,common_stock,profile_fields_present,2
FNKO,common_stock,profile_fields_present,22
FNLC,common_stock,profile_fields_present,9
FNVT,spac_or_blank_check,name_contains:ACQUISITION CORP,85
FNWB,common_stock,profile_fields_present,2
FNWD,common_stock,profile_fields_present,25
FOA,common_stock,profile_fields_present,12
FOLD,common_stock,profile_fields_present,25
FONR,common_stock,profile_fields_present,28
FOR,common_stock,profile_fields_present,14
FORD,common_stock,profile_fields_present,21
FOSL,common_stock,profile_fields_present,22
FOSLL,exchange_traded_debt,name_contains:NOTES,19
FOUR,common_stock,profile_fields_present,28
FOVL,etf,is_etf=True,41
FOXX,common_stock,profile_fields_present,66
FPAY,common_stock,profile_fields_present,2
FPH,common_stock,profile_fields_present,9
FPI,common_stock,profile_fields_present,5
FPL,mutual_fund,raw_flag:isFund,18
FRAF,common_stock,profile_fields_present,52
FRBA,common_stock,profile_fields_present,22
FRD,common_stock,profile_fields_present,24
FREE,common_stock,profile_fields_present,35
FREY,common_stock,profile_fields_present,3
FRGE,common_stock,profile_fields_present,12
FRME,common_stock,profile_fields_present,9
FRPH,common_stock,profile_fields_present,1
FRPT,common_stock,profile_fields_present,45
FRST,common_stock,profile_fields_present,22
FSBC,common_stock,profile_fields_present,38
FSBD,etf,is_etf=True,9
FSBW,common_stock,profile_fields_present,12
FSCO,closed_end_fund,raw_description:CLOSED_END_SUBJECT_POSITION,37
FSD,mutual_fund,raw_flag:isFund,10
FSEA,common_stock,profile_fields_present,59
FSFG,common_stock,profile_fields_present,54
FSI,common_stock,profile_fields_present,36
FSLD,etf,is_etf=True,4
FSLY,common_stock,profile_fields_present,21
FSM,common_stock,profile_fields_present,54
FSST,etf,is_etf=True,77
FSTR,common_stock,profile_fields_present,35
FSUN,common_stock,profile_fields_present,21
FTAIO,preferred,symbol_suffix:fifth_char_O+inactive,18
FTAIP,preferred,symbol_suffix:fifth_char_P,12
FTCI,common_stock,profile_fields_present,14
FTDR,common_stock,profile_fields_present,43
FTEL,common_stock,profile_fields_present,39
FTK,common_stock,profile_fields_present,30
FTLF,common_stock,profile_fields_present,32
FTRE,common_stock,profile_fields_present,13
FTW,spac_or_blank_check,industry_description:SHELL_COMPANIES+BUSINESS_COMBINATION,20
FUBO,common_stock,profile_fields_present,2
FUL,common_stock,profile_fields_present,9
FULC,common_stock,profile_fields_present,19
FULT,common_stock,profile_fields_present,17
FUN,common_stock,profile_fields_present,9
FUNC,common_stock,profile_fields_present,38
FUSB,common_stock,profile_fields_present,25
FUSN,common_stock,profile_fields_present,20
FVCB,common_stock,profile_fields_present,18
FVR,common_stock,profile_fields_present,15
FVRR,common_stock,profile_fields_present,6
FWDI,common_stock,profile_fields_present,21
FWRG,common_stock,profile_fields_present,16
FXNC,common_stock,profile_fields_present,22
FYBR,common_stock,profile_fields_present,35
FYLG,etf,is_etf=True,45
GABC,common_stock,profile_fields_present,21
GAIA,common_stock,profile_fields_present,36
GAINL,non_common_series,symbol_suffix:fifth_char_L+inactive,10
GALT,common_stock,profile_fields_present,35
GAM,closed_end_fund,manual_override:known_cef,103
GAMB,common_stock,profile_fields_present,13
GAMC,spac_or_blank_check,industry_description:SHELL_COMPANIES+BUSINESS_COMBINATION,15
GAN,common_stock,profile_fields_present,34
GAQ,spac_or_blank_check,name_pattern:ACQUISITION_SEQUENCE,12
GASS,common_stock,profile_fields_present,24
GAST,etf,is_etf=True,40
GATE,spac_or_blank_check,name_contains:ACQUISITION CORP,18
GATO,common_stock,profile_fields_present,37
GAU,common_stock,profile_fields_present,46
GB,common_stock,profile_fields_present,10
GBBK,spac_or_blank_check,name_contains:ACQUISITION CORP,12
GBBKR,spac_or_blank_check,name_contains:ACQUISITION CORP,2
GBFH,common_stock,profile_fields_present,53
GBLD,etf,is_etf=True,9
GBLI,common_stock,profile_fields_present,12
GBTG,common_stock,profile_fields_present,25
GBUY,etf,is_etf=True,54
GBX,common_stock,profile_fields_present,26
GCBC,common_stock,profile_fields_present,12
GCI,common_stock,profile_fields_present,22
GCMG,common_stock,profile_fields_present,44
GCO,common_stock,profile_fields_present,9
GCT,common_stock,profile_fields_present,44
GCTS,common_stock,profile_fields_present,5
GDEV,common_stock,profile_fields_present,5
GDFN,etf,is_etf=True,5
GDOT,common_stock,profile_fields_present,6
GDVD,etf,is_etf=True,28
GDYN,common_stock,profile_fields_present,26
GECCZ,exchange_traded_debt,name_contains:NOTES,16
GEF,common_stock,profile_fields_present,14
GEG,common_stock,profile_fields_present,22
GEL,common_stock,profile_fields_present,35
GENC,common_stock,profile_fields_present,17
GENI,common_stock,profile_fields_present,25
GEO,common_stock,profile_fields_present,28
GEOS,common_stock,profile_fields_present,28
GES,common_stock,profile_fields_present,8
GFF,common_stock,profile_fields_present,22
GFOF,etf,is_etf=True,7
GFR,common_stock,profile_fields_present,5
GHC,common_stock,profile_fields_present,44
GHIX,spac_or_blank_check,industry_description:SHELL_COMPANIES+BUSINESS_COMBINATION,2
GHLD,common_stock,profile_fields_present,27
GHM,common_stock,profile_fields_present,78
GHRS,common_stock,profile_fields_present,12
GIA,common_stock,profile_fields_present,5
GIC,common_stock,profile_fields_present,20
GIFI,common_stock,profile_fields_present,50
GIG,spac_or_blank_check,industry_description:SHELL_COMPANIES+BLANK_CHECK_COMPANY,67
GIII,common_stock,profile_fields_present,5
GILT,common_stock,profile_fields_present,42
GLAC,spac_or_blank_check,name_contains:ACQUISITION CORP,99
GLADZ,exchange_traded_debt,name_contains:NOTES,26
GLBS,common_stock,profile_fields_present,10
GLDD,common_stock,profile_fields_present,41
GLIBA,common_stock,profile_fields_present,5
GLLIR,spac_or_blank_check,industry_description:SHELL_COMPANIES+BUSINESS_COMBINATION,6
GLOB,common_stock,profile_fields_present,1
GLP,common_stock,profile_fields_present,25
GLPG,adr,raw_flag:isAdr,12
GLRE,common_stock,profile_fields_present,42
GLSI,common_stock,profile_fields_present,16
GLST,spac_or_blank_check,industry_description:SHELL_COMPANIES+BUSINESS_COMBINATION,30
GLTO,common_stock,profile_fields_present,7
GLUE,common_stock,profile_fields_present,28
GMFI,spac_or_blank_check,name_contains:ACQUISITION CORP,2
GMGI,common_stock,profile_fields_present,15
GMMF,etf,is_etf=True,14
GMS,common_stock,profile_fields_present,29
GNE,common_stock,profile_fields_present,22
GNFT,adr,raw_flag:isAdr,15
GNK,common_stock,profile_fields_present,49
GNL,common_stock,profile_fields_present,19
GNLX,common_stock,profile_fields_present,9
GNTY,common_stock,profile_fields_present,27
GNW,common_stock,profile_fields_present,34
GODN,spac_or_blank_check,name_contains:ACQUISITION CORPORATION,95
GOGL,common_stock,profile_fields_present,29
GOGO,common_stock,profile_fields_present,13
GOLD,common_stock,profile_fields_present,26
GOOD,common_stock,profile_fields_present,27
GOOS,common_stock,profile_fields_present,6
GPAC,spac_or_blank_check,name_contains:ACQUISITION CORP,9
GPGI,common_stock,profile_fields_present,66
GPI,common_stock,profile_fields_present,33
GPJA,exchange_traded_debt,name_contains:NT,5
GPK,common_stock,profile_fields_present,12
GPOR,common_stock,profile_fields_present,41
GPRE,common_stock,profile_fields_present,20
GPRK,common_stock,profile_fields_present,14
GPS,common_stock,profile_fields_present,10
GRAL,common_stock,profile_fields_present,23
GRBK,common_stock,profile_fields_present,25
GRC,common_stock,profile_fields_present,55
GRCE,common_stock,profile_fields_present,12
GRCL,adr,raw_flag:isAdr,7
GRDN,common_stock,profile_fields_present,29
GREI,etf,is_etf=True,19
GRND,common_stock,profile_fields_present,51
GRO,common_stock,profile_fields_present,1
GROW,common_stock,profile_fields_present,9
GROY,common_stock,profile_fields_present,37
GRPN,common_stock,profile_fields_present,34
GRRR,common_stock,profile_fields_present,11
GRYP,common_stock,profile_fields_present,2
GSBC,common_stock,profile_fields_present,23
GSFP,etf,is_etf=True,12
GSHD,common_stock,profile_fields_present,23
GSIT,common_stock,profile_fields_present,10
GSL,common_stock,profile_fields_present,68
GSM,common_stock,profile_fields_present,6
GSRT,spac_or_blank_check,name_contains:ACQUISITION CORP,25
GTAC,spac_or_blank_check,name_contains:ACQUISITION CORP,10
GTE,common_stock,profile_fields_present,26
GTH,adr,raw_flag:isAdr,14
GTHX,common_stock,profile_fields_present,17
GTI,common_stock,profile_fields_present,16
GTN,common_stock,profile_fields_present,3
GTY,common_stock,profile_fields_present,14
GVP,common_stock,profile_fields_present,2
GWRS,common_stock,profile_fields_present,3
GXG,etf,is_etf=True,30
HA,common_stock,profile_fields_present,6
HAE,common_stock,profile_fields_present,6
HAFC,common_stock,profile_fields_present,25
HAFN,common_stock,profile_fields_present,28
HAIA,spac_or_blank_check,name_contains:ACQUISITION CORP,32
HAPY,etf,is_etf=True,34
HARP,common_stock,profile_fields_present,13
HART,etf,is_etf=True,37
HASI,common_stock,profile_fields_present,34
HAYN,common_stock,profile_fields_present,12
HAYW,common_stock,profile_fields_present,8
HBB,common_stock,profile_fields_present,34
HBCP,common_stock,profile_fields_present,36
HBI,common_stock,profile_fields_present,25
HBNB,common_stock,profile_fields_present,13
HBNC,common_stock,profile_fields_present,18
HBT,common_stock,profile_fields_present,26
HCC,common_stock,profile_fields_present,19
HCI,common_stock,profile_fields_present,46
HCKT,common_stock,profile_fields_present,14
HCP,common_stock,profile_fields_present,14
HCSG,common_stock,profile_fields_present,31
HDAW,etf,is_etf=True,13
HDRN,common_stock,profile_fields_present,67
HDSN,common_stock,profile_fields_present,14
HE,common_stock,profile_fields_present,15
HEAR,common_stock,profile_fields_present,10
HEES,common_stock,profile_fields_present,11
HEWG,etf,is_etf=True,20
HFBL,common_stock,profile_fields_present,15
HFEQ,etf,is_etf=True,2
HFWA,common_stock,profile_fields_present,14
HG,common_stock,profile_fields_present,56
HGTY,common_stock,profile_fields_present,24
HGV,common_stock,profile_fields_present,14
HHH,common_stock,profile_fields_present,10
HIBB,common_stock,profile_fields_present,29
HIE,mutual_fund,raw_flag:isFund,46
HIFS,common_stock,profile_fields_present,18
HIPO,common_stock,profile_fields_present,14
HITI,common_stock,profile_fields_present,20
HIVE,common_stock,profile_fields_present,4
HIW,common_stock,profile_fields_present,28
HKND,etf,is_etf=True,57
HLF,common_stock,profile_fields_present,16
HLGE,etf,is_etf=True,49
HLIO,common_stock,profile_fields_present,30
HLIT,common_stock,profile_fields_present,20
HLLY,common_stock,profile_fields_present,13
HLMN,common_stock,profile_fields_present,17
HLNE,common_stock,profile_fields_present,37
HLVX,common_stock,profile_fields_present,3
HLX,common_stock,profile_fields_present,13
HLXB,spac_or_blank_check,name_contains:ACQUISITION CORP,14
HMN,common_stock,profile_fields_present,30
HMNF,common_stock,profile_fields_present,14
HMST,common_stock,profile_fields_present,2
HNGE,common_stock,profile_fields_present,3
HNI,common_stock,profile_fields_present,26
HNNA,common_stock,profile_fields_present,20
HNRG,common_stock,profile_fields_present,21
HNST,common_stock,profile_fields_present,16
HNVR,common_stock,profile_fields_present,27
HNW,mutual_fund,raw_flag:isFund,50
HOFT,common_stock,profile_fields_present,4
HOG,common_stock,profile_fields_present,6
HOLX,common_stock,profile_fields_present,16
HOND,spac_or_blank_check,name_contains:ACQUISITION CORP,30
HOPE,common_stock,profile_fields_present,10
HOUS,common_stock,profile_fields_present,26
HOV,common_stock,profile_fields_present,11
HOVR,common_stock,profile_fields_present,11
HP,common_stock,profile_fields_present,15
HPH,adr,raw_flag:isAdr,10
HQ,common_stock,profile_fields_present,1
HQH,closed_end_fund,raw_description:CLOSED_END_EQUITY_FUND,29
HQI,common_stock,profile_fields_present,3
HQL,closed_end_fund,raw_description:CLOSED_ENDED_EQUITY_MUTUAL_FUND,32
HRB,common_stock,profile_fields_present,18
HRMY,common_stock,profile_fields_present,7
HROW,common_stock,profile_fields_present,33
HROWL,exchange_traded_debt,name_contains:NOTES,12
HROWM,exchange_traded_debt,name_contains:NOTES,15
HRT,common_stock,profile_fields_present,10
HRTG,common_stock,profile_fields_present,29
HSHP,common_stock,profile_fields_present,41
HSII,common_stock,profile_fields_present,29
HSONP,preferred,name_contains:PREFERRED,4
HSTM,common_stock,profile_fields_present,25
HTB,common_stock,profile_fields_present,40
HTBI,common_stock,profile_fields_present,17
HTBK,common_stock,profile_fields_present,23
HTFB,business_development_company,raw_description:BUSINESS_DEVELOPMENT_COMPANY,4
HTFC,common_stock,profile_fields_present,21
HTH,common_stock,profile_fields_present,13
HTLD,common_stock,profile_fields_present,19
HTLF,common_stock,profile_fields_present,32
HTLFP,preferred,symbol_suffix:fifth_char_P,5
HTO,common_stock,profile_fields_present,9
HTT,common_stock,profile_fields_present,14
HTZ,common_stock,profile_fields_present,3
HUBG,common_stock,profile_fields_present,14
HUHU,common_stock,profile_fields_present,16
HUN,common_stock,profile_fields_present,5
HURC,common_stock,profile_fields_present,4
HURN,common_stock,profile_fields_present,34
HUSA,common_stock,profile_fields_present,1
HVII,common_stock,profile_fields_present,34
HVMC,common_stock,profile_fields_present,18
HVT,common_stock,profile_fields_present,12
HWBK,common_stock,profile_fields_present,16
HWKN,common_stock,profile_fields_present,52
HY,common_stock,profile_fields_present,10
HYAC,spac_or_blank_check,name_contains:ACQUISITION CORP,153
HYB,mutual_fund,raw_flag:isFund,30
HYGI,etf,is_etf=True,27
HYLG,etf,is_etf=True,27
HYLN,common_stock,profile_fields_present,21
HYMC,common_stock,profile_fields_present,48
HYMCL,non_common_series,symbol_suffix:fifth_char_L+inactive,1
HYNE,common_stock,profile_fields_present,9
HZO,common_stock,profile_fields_present,6
IAC,common_stock,profile_fields_present,6
IART,common_stock,profile_fields_present,3
IBCP,common_stock,profile_fields_present,15
IBDP,etf,is_etf=True,60
IBDQ,etf,is_etf=True,61
IBEX,common_stock,profile_fields_present,28
IBIB,etf,is_etf=True,39
IBOC,common_stock,profile_fields_present,33
IBTE,etf,is_etf=True,13
IBTX,common_stock,profile_fields_present,12
ICAD,common_stock,profile_fields_present,9
ICCC,common_stock,profile_fields_present,28
ICCH,common_stock,profile_fields_present,20
ICFI,common_stock,profile_fields_present,19
ICHR,common_stock,profile_fields_present,24
ICUI,common_stock,profile_fields_present,18
ICVX,common_stock,profile_fields_present,1
IDAT,etf,is_etf=True,42
IDN,common_stock,profile_fields_present,22
IDR,common_stock,profile_fields_present,73
IDT,common_stock,profile_fields_present,40
IDYA,common_stock,profile_fields_present,27
IE,common_stock,profile_fields_present,15
IFIN,spac_or_blank_check,name_contains:ACQUISITION CORPORATION,42
IGIC,common_stock,profile_fields_present,47
IGMS,common_stock,profile_fields_present,2
IHRT,common_stock,profile_fields_present,16
IHS,common_stock,profile_fields_present,28
IHTA,mutual_fund,raw_flag:isFund,9
IHYF,etf,is_etf=True,20
III,common_stock,profile_fields_present,18
IIIN,common_stock,profile_fields_present,11
IIIV,common_stock,profile_fields_present,12
IIPR,common_stock,profile_fields_present,27
ILPT,common_stock,profile_fields_present,29
IMAB,adr,raw_flag:isAdr,14
IMAX,common_stock,profile_fields_present,46
IMDX,common_stock,profile_fields_present,15
IMGN,common_stock,profile_fields_present,1
IMKTA,common_stock,profile_fields_present,18
IMMR,common_stock,profile_fields_present,22
IMMX,common_stock,profile_fields_present,33
IMNM,common_stock,profile_fields_present,37
IMPP,common_stock,profile_fields_present,17
IMRX,common_stock,profile_fields_present,14
IMTX,common_stock,profile_fields_present,6
IMUX,common_stock,profile_fields_present,6
IMXI,common_stock,profile_fields_present,10
INAQ,spac_or_blank_check,name_contains:ACQUISITION CORP,31
INBK,common_stock,profile_fields_present,17
INBX,common_stock,profile_fields_present,47
INDB,common_stock,profile_fields_present,16
INDF,etf,is_etf=True,13
INDI,common_stock,profile_fields_present,3
INDO,common_stock,profile_fields_present,5
INDV,common_stock,profile_fields_present,52
INFA,common_stock,profile_fields_present,17
INFN,common_stock,profile_fields_present,4
INFQ,common_stock,profile_fields_present,2
INFR,etf,is_etf=True,19
INFU,common_stock,profile_fields_present,8
INGN,common_stock,profile_fields_present,8
INKT,common_stock,profile_fields_present,1
INN,common_stock,profile_fields_present,6
INNO,etf,is_etf=True,31
INNV,common_stock,profile_fields_present,11
INOD,common_stock,profile_fields_present,40
INSE,common_stock,profile_fields_present,5
INSG,common_stock,profile_fields_present,27
INSI,mutual_fund,raw_flag:isFund,21
INSW,common_stock,profile_fields_present,52
INTA,common_stock,profile_fields_present,25
INTG,common_stock,profile_fields_present,15
INTR,common_stock,profile_fields_present,32
INTT,common_stock,profile_fields_present,24
INV,common_stock,profile_fields_present,34
INVA,common_stock,profile_fields_present,35
INVE,common_stock,profile_fields_present,8
INVX,common_stock,profile_fields_present,26
INZY,common_stock,profile_fields_present,2
IOBT,common_stock,profile_fields_present,7
IOR,common_stock,profile_fields_present,6
IOSP,common_stock,profile_fields_present,9
IOVA,common_stock,profile_fields_present,12
IPGP,common_stock,profile_fields_present,13
IPI,common_stock,profile_fields_present,13
IPSC,common_stock,profile_fields_present,12
IPWR,common_stock,profile_fields_present,3
IPXX,spac_or_blank_check,name_contains:ACQUISITION CORP,110
IQDE,etf,is_etf=True,22
IQIN,etf,is_etf=True,10
IQMD,spac_or_blank_check,name_contains:ACQUISITION CORP,5
IRD,common_stock,profile_fields_present,37
IRHO,common_stock,profile_fields_present,17
IRMD,common_stock,profile_fields_present,61
IROH,spac_or_blank_check,industry_description:SHELL_COMPANIES+BUSINESS_COMBINATION,86
IRON,common_stock,profile_fields_present,18
IROQ,common_stock,profile_fields_present,47
IRT,common_stock,profile_fields_present,24
IRTC,common_stock,profile_fields_present,31
IRWD,common_stock,profile_fields_present,19
ISBA,common_stock,profile_fields_present,57
ISOU,common_stock,profile_fields_present,17
ISRL,spac_or_blank_check,industry_description:SHELL_COMPANIES+BUSINESS_COMBINATION,115
ISSC,common_stock,profile_fields_present,41
ISTR,common_stock,profile_fields_present,40
ITCI,common_stock,profile_fields_present,31
ITGR,common_stock,profile_fields_present,32
ITI,common_stock,profile_fields_present,35
ITIC,common_stock,profile_fields_present,44
ITOS,common_stock,profile_fields_present,2
ITRG,common_stock,profile_fields_present,40
ITRI,common_stock,profile_fields_present,32
ITRM,common_stock,profile_fields_present,4
ITRN,common_stock,profile_fields_present,56
IVCA,spac_or_blank_check,name_contains:ACQUISITION CORP,10
IVCB,spac_or_blank_check,name_contains:ACQUISITION CORP,59
IVCP,spac_or_blank_check,name_contains:ACQUISITION CORP,20
IVR,common_stock,profile_fields_present,4
IVT,common_stock,profile_fields_present,36
IXAQ,spac_or_blank_check,name_contains:ACQUISITION CORP,101
IZEA,common_stock,profile_fields_present,18
JAKK,common_stock,profile_fields_present,1
JANX,common_stock,profile_fields_present,9
JBGS,common_stock,profile_fields_present,19
JBI,common_stock,profile_fields_present,13
JBLU,common_stock,profile_fields_present,3
JBSS,common_stock,profile_fields_present,2
JBT,common_stock,profile_fields_present,12
JCAP,common_stock,profile_fields_present,12
JCTCF,common_stock,profile_fields_present,2
JCTR,etf,is_etf=True,86
JEQ,mutual_fund,raw_flag:isFund,45
JFB,common_stock,profile_fields_present,28
JILL,common_stock,profile_fields_present,10
JJSF,common_stock,profile_fields_present,1
JLHL,common_stock,profile_fields_present,18
JMSB,common_stock,profile_fields_present,6
JNPR,common_stock,profile_fields_present,19
JNVR,common_stock,profile_fields_present,5
JOE,common_stock,profile_fields_present,27
JOUT,common_stock,profile_fields_present,34
JPI,mutual_fund,raw_flag:isFund,33
JPMO,etf,is_etf=True,18
JRSH,common_stock,profile_fields_present,19
JRVR,common_stock,profile_fields_present,9
JULD,etf,is_etf=True,2
JUNE,common_stock,profile_fields_present,17
JVSA,spac_or_blank_check,name_contains:SPAC,106
JWN,common_stock,profile_fields_present,9
JWSM,spac_or_blank_check,name_contains:ACQUISITION CORPORATION,62
JYNT,common_stock,profile_fields_present,6
K,common_stock,profile_fields_present,47
KACL,spac_or_blank_check,name_contains:ACQUISITION CORP,29
KACLR,spac_or_blank_check,name_contains:ACQUISITION CORP,3
KAI,common_stock,profile_fields_present,21
KALA,common_stock,profile_fields_present,16
KALL,etf,is_etf=True,7
KALU,common_stock,profile_fields_present,59
KALV,common_stock,profile_fields_present,44
KAMN,common_stock,profile_fields_present,12
KAR,common_stock,profile_fields_present,54
KARO,common_stock,profile_fields_present,27
KBH,common_stock,profile_fields_present,22
KBR,common_stock,profile_fields_present,13
KBWR,etf,is_etf=True,18
KCGI,spac_or_blank_check,name_contains:ACQUISITION CORP,65
KD,common_stock,profile_fields_present,27
KDK,common_stock,profile_fields_present,3
KDLY,common_stock,profile_fields_present,9
KE,common_stock,profile_fields_present,19
KEEL,common_stock,profile_fields_present,12
KELYA,common_stock,profile_fields_present,12
KEM,etf,is_etf=True,17
KEN,common_stock,profile_fields_present,85
KEQU,common_stock,profile_fields_present,33
KEUA,etf,is_etf=True,20
KFFB,common_stock,profile_fields_present,17
KFRC,common_stock,profile_fields_present,5
KFS,common_stock,profile_fields_present,19
KFY,common_stock,profile_fields_present,18
KGEI,common_stock,profile_fields_present,25
KINS,common_stock,profile_fields_present,47
KLG,common_stock,profile_fields_present,21
KLTO,common_stock,profile_fields_present,2
KLXE,common_stock,profile_fields_present,6
KLXY,etf,is_etf=True,17
KMDA,common_stock,profile_fields_present,16
KMPR,common_stock,profile_fields_present,11
KMT,common_stock,profile_fields_present,18
KMTS,common_stock,profile_fields_present,6
KN,common_stock,profile_fields_present,51
KNF,common_stock,profile_fields_present,40
KNOP,common_stock,profile_fields_present,23
KNSA,common_stock,profile_fields_present,65
KNTK,common_stock,profile_fields_present,50
KNW,common_stock,profile_fields_present,4
KOCG,etf,is_etf=True,75
KOD,common_stock,profile_fields_present,26
KODK,common_stock,profile_fields_present,24
KOIN,etf,is_etf=True,13
KOP,common_stock,profile_fields_present,15
KOPN,common_stock,profile_fields_present,28
KORE,common_stock,profile_fields_present,44
KOS,common_stock,profile_fields_present,6
KOSS,common_stock,profile_fields_present,3
KPLT,common_stock,profile_fields_present,9
KPTI,common_stock,profile_fields_present,3
KRC,common_stock,profile_fields_present,4
KRMD,common_stock,profile_fields_present,15
KRNL,spac_or_blank_check,industry_description:SHELL_COMPANIES+ASSET_ACQUISITION,19
KRNT,common_stock,profile_fields_present,17
KRNY,common_stock,profile_fields_present,6
KRO,common_stock,profile_fields_present,18
KROS,common_stock,profile_fields_present,7
KRP,common_stock,profile_fields_present,9
KRRO,common_stock,profile_fields_present,4
KRT,common_stock,profile_fields_present,19
KRTX,common_stock,profile_fields_present,4
KRUS,common_stock,profile_fields_present,4
KSEA,etf,is_etf=True,23
KSM,mutual_fund,raw_flag:isFund,44
KSS,common_stock,profile_fields_present,4
KTB,common_stock,profile_fields_present,39
KTCC,common_stock,profile_fields_present,16
KUKE,adr,raw_flag:isAdr,16
KULR,common_stock,profile_fields_present,9
KURA,common_stock,profile_fields_present,11
KVHI,common_stock,profile_fields_present,35
KVYO,common_stock,profile_fields_present,24
KW,common_stock,profile_fields_present,12
KWR,common_stock,profile_fields_present,14
KYCHR,spac_or_blank_check,name_contains:ACQUISITION CORPORATION,5
KYTX,common_stock,profile_fields_present,11
KZR,common_stock,profile_fields_present,7
LABP,common_stock,profile_fields_present,34
LAC,common_stock,profile_fields_present,4
LADR,common_stock,profile_fields_present,6
LAES,common_stock,profile_fields_present,4
LAKE,common_stock,profile_fields_present,17
LAND,common_stock,profile_fields_present,1
LANDM,preferred,symbol_suffix:fifth_char_M+inactive,37
LAR,common_stock,profile_fields_present,31
LARK,common_stock,profile_fields_present,25
LASE,common_stock,profile_fields_present,11
LASR,common_stock,profile_fields_present,65
LATG,spac_or_blank_check,name_contains:SPAC,118
LAUR,common_stock,profile_fields_present,75
LAW,common_stock,profile_fields_present,13
LAWR,adr,raw_flag:isAdr,12
LAYS,etf,is_etf=True,31
LAZ,common_stock,profile_fields_present,15
LBBB,spac_or_blank_check,industry_description:SHELL_COMPANIES+BUSINESS_COMBINATION,7
LBPH,common_stock,profile_fields_present,27
LBRDA,common_stock,profile_fields_present,4
LBRT,common_stock,profile_fields_present,31
LBRX,common_stock,profile_fields_present,21
LBTYK,common_stock,profile_fields_present,17
LC,common_stock,profile_fields_present,26
LCA,common_stock,profile_fields_present,14
LCAA,spac_or_blank_check,name_contains:ACQUISITION CORPORATION,9
LCG,etf,is_etf=True,23
LCII,common_stock,profile_fields_present,20
LCNB,common_stock,profile_fields_present,7
LCUT,common_stock,profile_fields_present,22
LCW,spac_or_blank_check,industry_description:SHELL_COMPANIES+BUSINESS_COMBINATION,23
LDWY,common_stock,profile_fields_present,4
LE,common_stock,profile_fields_present,23
LEE,common_stock,profile_fields_present,10
LEG,common_stock,profile_fields_present,7
LEGH,common_stock,profile_fields_present,10
LEGT,common_stock,profile_fields_present,5
LENZ,common_stock,profile_fields_present,29
LEO,closed_end_fund,raw_description:CLOSED_END_MUTUAL_FUND,39
LEU,common_stock,profile_fields_present,42
LFCR,common_stock,profile_fields_present,4
LFMD,common_stock,profile_fields_present,21
LFST,common_stock,profile_fields_present,2
LFVN,common_stock,profile_fields_present,26
LGCY,common_stock,profile_fields_present,20
LGL,common_stock,profile_fields_present,11
LGND,common_stock,profile_fields_present,57
LGTY,common_stock,profile_fields_present,25
LGVC,spac_or_blank_check,industry_description:SHELL_COMPANIES+BUSINESS_COMBINATION,9
LIBY,spac_or_blank_check,name_contains:ACQUISITION CORP,14
LICY,common_stock,profile_fields_present,3
LIF,common_stock,profile_fields_present,51
LIFE,common_stock,profile_fields_present,7
LILA,common_stock,profile_fields_present,17
LINC,common_stock,profile_fields_present,64
LIND,common_stock,profile_fields_present,25
LINK,common_stock,profile_fields_present,8
LION,common_stock,profile_fields_present,16
LIVN,common_stock,profile_fields_present,36
LIVR,etf,is_etf=True,21
LIXT,common_stock,profile_fields_present,10
LKFN,common_stock,profile_fields_present,4
LKFT,common_stock,profile_fields_present,12
LMAT,common_stock,profile_fields_present,40
LMB,common_stock,profile_fields_present,53
LMBO,etf,is_etf=True,21
LMND,common_stock,profile_fields_present,26
LMNR,common_stock,profile_fields_present,19
LNGZ,etf,is_etf=True,20
LNN,common_stock,profile_fields_present,9
LNSR,common_stock,profile_fields_present,43
LNW,common_stock,profile_fields_present,20
LOAN,common_stock,profile_fields_present,11
LOB,common_stock,profile_fields_present,9
LOCO,common_stock,profile_fields_present,33
LODE,common_stock,profile_fields_present,4
LONA,common_stock,profile_fields_present,17
LOPE,common_stock,profile_fields_present,43
LOVE,common_stock,profile_fields_present,8
LPG,common_stock,profile_fields_present,27
LPTH,common_stock,profile_fields_present,44
LQDT,common_stock,profile_fields_present,38
LQIG,etf,is_etf=True,15
LQPE,etf,is_etf=True,2
LRFC,business_development_company,raw_description:BUSINESS_DEVELOPMENT_COMPANY,10
LRMR,common_stock,profile_fields_present,6
LRN,common_stock,profile_fields_present,64
LSAK,common_stock,profile_fields_present,19
LSBK,common_stock,profile_fields_present,63
LSEA,common_stock,profile_fields_present,5
LSF,common_stock,profile_fields_present,15
LSST,etf,is_etf=True,23
LSTA,common_stock,profile_fields_present,11
LTBR,common_stock,profile_fields_present,21
LTC,common_stock,profile_fields_present,18
LTRN,common_stock,profile_fields_present,5
LTRX,common_stock,profile_fields_present,15
LUD,common_stock,profile_fields_present,13
LUMO,common_stock,profile_fields_present,3
LUNR,common_stock,profile_fields_present,26
LUX,etf,is_etf=True,2
LUXE,common_stock,profile_fields_present,21
LVOL,etf,is_etf=True,56
LVTX,common_stock,profile_fields_present,4
LWAY,common_stock,profile_fields_present,26
LWLG,common_stock,profile_fields_present,22
LXEO,common_stock,profile_fields_present,6
LXFR,common_stock,profile_fields_present,16
LXP,common_stock,profile_fields_present,16
LXU,common_stock,profile_fields_present,17
LYEL,common_stock,profile_fields_present,10
LYRA,common_stock,profile_fields_present,9
LYTS,common_stock,profile_fields_present,11
LZ,common_stock,profile_fields_present,3
LZB,common_stock,profile_fields_present,12
MAAS,common_stock,profile_fields_present,14
MACA,spac_or_blank_check,name_contains:ACQUISITION CORP,5
MACK,common_stock,profile_fields_present,13
MAG,common_stock,profile_fields_present,40
MAKO,common_stock,profile_fields_present,1
MAMA,common_stock,profile_fields_present,55
MANE,common_stock,profile_fields_present,1
MANU,common_stock,profile_fields_present,8
MAPS,common_stock,profile_fields_present,4
MARX,spac_or_blank_check,name_contains:ACQUISITION CORP,28
MASS,common_stock,profile_fields_present,14
MAT,common_stock,profile_fields_present,9
MATV,common_stock,profile_fields_present,8
MAV,mutual_fund,raw_flag:isFund,27
MAX,common_stock,profile_fields_present,10
MAYA,spac_or_blank_check,name_contains:ACQUISITION CORP,29
MAYAR,spac_or_blank_check,name_contains:ACQUISITION CORP,12
MAYS,common_stock,profile_fields_present,3
MAZE,common_stock,profile_fields_present,39
MB,common_stock,profile_fields_present,8
MBBC,common_stock,profile_fields_present,48
MBC,common_stock,profile_fields_present,15
MBI,common_stock,profile_fields_present,8
MBIN,common_stock,profile_fields_present,27
MBINO,preferred,symbol_suffix:fifth_char_O+inactive,29
MBNKP,preferred,symbol_suffix:fifth_char_P,7
MBTC,spac_or_blank_check,name_contains:ACQUISITION CORPORATION,3
MBWM,common_stock,profile_fields_present,15
MBX,common_stock,profile_fields_present,13
MCAA,spac_or_blank_check,name_contains:ACQUISITION CORP,97
MCAC,spac_or_blank_check,name_contains:ACQUISITION CORPORATION,52
MCAF,spac_or_blank_check,name_contains:ACQUISITION CORP,4
MCB,common_stock,profile_fields_present,34
MCBC,common_stock,profile_fields_present,25
MCBS,common_stock,profile_fields_present,30
MCFT,common_stock,profile_fields_present,7
MCHB,common_stock,profile_fields_present,9
MCI,closed_end_fund,raw_description:CLOSED_END_MUTUAL_FUND,19
MCRB,common_stock,profile_fields_present,2
MCRI,common_stock,profile_fields_present,37
MCRP,common_stock,profile_fields_present,3
MCS,common_stock,profile_fields_present,25
MCTR,mutual_fund,raw_flag:isFund,2
MCVT,common_stock,profile_fields_present,5
MCW,common_stock,profile_fields_present,1
MD,common_stock,profile_fields_present,21
MDC,common_stock,profile_fields_present,2
MDU,common_stock,profile_fields_present,50
MDV,common_stock,profile_fields_present,14
MDWD,common_stock,profile_fields_present,16
MDXG,common_stock,profile_fields_present,7
MEC,common_stock,profile_fields_present,42
MEDS,common_stock,profile_fields_present,5
MEG,common_stock,profile_fields_present,5
MEI,common_stock,profile_fields_present,1
MEIP,common_stock,profile_fields_present,5
MEOH,common_stock,profile_fields_present,16
MESA,common_stock,profile_fields_present,17
METC,common_stock,profile_fields_present,28
METCL,non_common_series,symbol_suffix:fifth_char_L+inactive,3
MFA,common_stock,profile_fields_present,13
MFAN,exchange_traded_debt,name_contains:NOTES,10
MFAO,exchange_traded_debt,name_contains:NOTES,8
MFD,mutual_fund,raw_flag:isFund,17
MFH,adr,raw_flag:isAdr,23
MFIN,common_stock,profile_fields_present,5
MFV,mutual_fund,raw_flag:isFund,4
MG,common_stock,profile_fields_present,55
MGEE,common_stock,profile_fields_present,18
MGIC,common_stock,profile_fields_present,45
MGNI,common_stock,profile_fields_present,15
MGNX,common_stock,profile_fields_present,28
MGRB,common_stock,profile_fields_present,8
MGRC,common_stock,profile_fields_present,8
MGRD,common_stock,profile_fields_present,13
MGRE,common_stock,profile_fields_present,5
MGRM,common_stock,profile_fields_present,6
MGRT,common_stock,profile_fields_present,22
MGTX,common_stock,profile_fields_present,11
MGYR,common_stock,profile_fields_present,49
MH,common_stock,profile_fields_present,1
MHH,common_stock,profile_fields_present,8
MHI,mutual_fund,raw_flag:isFund,29
MHN,mutual_fund,raw_flag:isFund,20
MHO,common_stock,profile_fields_present,11
MIAX,common_stock,profile_fields_present,9
MIND,common_stock,profile_fields_present,22
MINDP,preferred,symbol_suffix:fifth_char_P,3
MINM,common_stock,profile_fields_present,2
MIO,mutual_fund,raw_flag:isFund,36
MIR,common_stock,profile_fields_present,53
MIRM,common_stock,profile_fields_present,57
MITA,spac_or_blank_check,name_contains:ACQUISITION CORP,16
MITK,common_stock,profile_fields_present,23
MITN,exchange_traded_debt,name_contains:NOTES,8
MITP,exchange_traded_debt,name_contains:NOTES,8
MITT,common_stock,profile_fields_present,29
MIXT,common_stock,profile_fields_present,16
MJUS,etf,is_etf=True,4
ML,common_stock,profile_fields_present,8
MLAB,common_stock,profile_fields_present,5
MLCI,common_stock,profile_fields_present,4
MLKN,common_stock,profile_fields_present,4
MLP,common_stock,profile_fields_present,25
MLR,common_stock,profile_fields_present,36
MLTX,common_stock,profile_fields_present,7
MLYS,common_stock,profile_fields_present,22
MMC,common_stock,profile_fields_present,35
MMLG,etf,is_etf=True,75
MMLP,common_stock,profile_fields_present,13
MMS,common_stock,profile_fields_present,13
MMSI,common_stock,profile_fields_present,31
MMYT,common_stock,profile_fields_present,48
MNDY,common_stock,profile_fields_present,26
MNKD,common_stock,profile_fields_present,19
MNMD,common_stock,profile_fields_present,25
MNPR,common_stock,profile_fields_present,24
MNR,common_stock,profile_fields_present,8
MNRO,common_stock,profile_fields_present,3
MNSB,common_stock,profile_fields_present,13
MNTL,etf,is_etf=True,6
MNTS,common_stock,profile_fields_present,1
MODG,common_stock,profile_fields_present,12
MOR,adr,raw_flag:isAdr,21
MORF,common_stock,profile_fields_present,4
MOV,common_stock,profile_fields_present,25
MPAA,common_stock,profile_fields_present,21
MPAY,etf,is_etf=True,37
MPB,common_stock,profile_fields_present,25
MPLXP,preferred,symbol_suffix:fifth_char_P,244
MPTI,common_stock,profile_fields_present,40
MPV,closed_end_fund,raw_description:CLOSED_ENDED_MUTUAL_FUND,40
MPX,common_stock,profile_fields_present,4
MQ,common_stock,profile_fields_present,4
MQT,mutual_fund,raw_flag:isFund,8
MRAM,common_stock,profile_fields_present,25
MRBK,common_stock,profile_fields_present,26
MRC,common_stock,profile_fields_present,20
MRCC,business_development_company,raw_description:BUSINESS_DEVELOPMENT_COMPANY,25
MRDN,common_stock,profile_fields_present,15
MRNS,common_stock,profile_fields_present,1
MRO,common_stock,profile_fields_present,2
MRP,common_stock,profile_fields_present,24
MRTN,common_stock,profile_fields_present,18
MRUS,common_stock,profile_fields_present,57
MRVI,common_stock,profile_fields_present,5
MRX,common_stock,profile_fields_present,54
MSBI,common_stock,profile_fields_present,15
MSGE,common_stock,profile_fields_present,50
MSSA,spac_or_blank_check,name_contains:ACQUISITION CORPORATION,28
MTA,common_stock,profile_fields_present,49
MTC,common_stock,profile_fields_present,29
MTH,common_stock,profile_fields_present,13
MTRN,common_stock,profile_fields_present,46
MTRX,common_stock,profile_fields_present,14
MTTR,common_stock,profile_fields_present,25
MTUS,common_stock,profile_fields_present,13
MTW,common_stock,profile_fields_present,9
MTX,common_stock,profile_fields_present,30
MUE,mutual_fund,raw_flag:isFund,21
MUI,mutual_fund,raw_flag:isFund,39
MUX,common_stock,profile_fields_present,36
MVBF,common_stock,profile_fields_present,15
MVF,mutual_fund,raw_flag:isFund,25
MVPS,etf,is_etf=True,31
MVT,mutual_fund,raw_flag:isFund,14
MWA,common_stock,profile_fields_present,34
MX,common_stock,profile_fields_present,6
MYD,mutual_fund,raw_flag:isFund,13
MYE,common_stock,profile_fields_present,45
MYFW,common_stock,profile_fields_present,38
MYGN,common_stock,profile_fields_present,16
MYTE,adr,raw_flag:isAdr,21
NABL,common_stock,profile_fields_present,3
NAGE,common_stock,profile_fields_present,40
NAKA,common_stock,profile_fields_present,10
NAMS,common_stock,profile_fields_present,24
NAPA,common_stock,profile_fields_present,21
NARI,common_stock,profile_fields_present,9
NAT,common_stock,profile_fields_present,36
NATH,common_stock,profile_fields_present,24
NATL,common_stock,profile_fields_present,33
NATR,common_stock,profile_fields_present,30
NAUT,common_stock,profile_fields_present,6
NB,common_stock,profile_fields_present,21
NBBK,common_stock,profile_fields_present,30
NBCC,etf,is_etf=True,76
NBGR,etf,is_etf=True,14
NBHC,common_stock,profile_fields_present,17
NBN,common_stock,profile_fields_present,40
NBR,common_stock,profile_fields_present,23
NBTB,common_stock,profile_fields_present,12
NBY,common_stock,profile_fields_present,15
NC,common_stock,profile_fields_present,26
NCEW,common_stock,profile_fields_present,5
NCMI,common_stock,profile_fields_present,26
NCNO,common_stock,profile_fields_present,12
NCSM,common_stock,profile_fields_present,45
NDLS,common_stock,profile_fields_present,13
NDP,mutual_fund,raw_flag:isFund,43
NDVG,etf,is_etf=True,86
NECB,common_stock,profile_fields_present,31
NEGG,common_stock,profile_fields_present,7
NEHC,common_stock,profile_fields_present,24
NEN,common_stock,profile_fields_present,35
NEOG,common_stock,profile_fields_present,5
NEPH,common_stock,profile_fields_present,15
NERV,common_stock,profile_fields_present,8
NESR,common_stock,profile_fields_present,64
NETD,spac_or_blank_check,industry_description:SHELL_COMPANIES+BUSINESS_COMBINATION,108
NETZ,etf,is_etf=True,64
NEWP,common_stock,profile_fields_present,31
NEWT,common_stock,profile_fields_present,6
NEWTL,non_common_series,symbol_suffix:fifth_char_L+inactive,19
NEXA,common_stock,profile_fields_present,38
NEXT,common_stock,profile_fields_present,13
NFBK,common_stock,profile_fields_present,15
NFYS,spac_or_blank_check,name_contains:ACQUISITION CORP,4
NG,common_stock,profile_fields_present,31
NGD,common_stock,profile_fields_present,94
NGL,common_stock,profile_fields_present,35
NGMS,common_stock,profile_fields_present,12
NGNE,common_stock,profile_fields_present,20
NGS,common_stock,profile_fields_present,67
NGVC,common_stock,profile_fields_present,43
NGVT,common_stock,profile_fields_present,33
NHC,common_stock,profile_fields_present,53
NHI,common_stock,profile_fields_present,60
NHPAP,preferred,symbol_suffix:fifth_char_P,42
NHPBP,preferred,symbol_suffix:fifth_char_P,25
NIC,common_stock,profile_fields_present,43
NISN,common_stock,profile_fields_present,18
NKSH,common_stock,profile_fields_present,16
NKTR,common_stock,profile_fields_present,45
NKTX,common_stock,profile_fields_present,16
NL,common_stock,profile_fields_present,17
NLOP,common_stock,profile_fields_present,27
NMIH,common_stock,profile_fields_present,39
NMM,common_stock,profile_fields_present,62
NMRK,common_stock,profile_fields_present,37
NN,common_stock,profile_fields_present,39
NNBR,common_stock,profile_fields_present,15
NNE,common_stock,profile_fields_present,8
NNI,common_stock,profile_fields_present,31
NNNN,common_stock,profile_fields_present,21
NOA,common_stock,profile_fields_present,2
NODK,common_stock,profile_fields_present,12
NOEM,common_stock,profile_fields_present,72
NOG,common_stock,profile_fields_present,3
NOM,mutual_fund,raw_flag:isFund,29
NOMD,common_stock,profile_fields_present,4
NOVV,spac_or_blank_check,name_contains:ACQUISITION CORPORATION,71
NP,common_stock,profile_fields_present,1
NPAB,spac_or_blank_check,name_contains:ACQUISITION CORP,9
NPB,common_stock,profile_fields_present,23
NPCE,common_stock,profile_fields_present,19
NPK,common_stock,profile_fields_present,48
NPKI,common_stock,profile_fields_present,51
NPT,common_stock,profile_fields_present,4
NQP,mutual_fund,raw_flag:isFund,34
NR,common_stock,profile_fields_present,10
NRAC,spac_or_blank_check,name_contains:ACQUISITION CORPORATION,13
NRC,common_stock,profile_fields_present,9
NRDS,common_stock,profile_fields_present,2
NREF,common_stock,profile_fields_present,6
NRGV,common_stock,profile_fields_present,20
NRIM,common_stock,profile_fields_present,35
NRIX,common_stock,profile_fields_present,19
NRP,common_stock,profile_fields_present,20
NRT,common_stock,profile_fields_present,14
NRXP,common_stock,profile_fields_present,4
NRXS,common_stock,profile_fields_present,25
NS,common_stock,profile_fields_present,14
NSA,common_stock,profile_fields_present,22
NSCR,etf,is_etf=True,49
NSCS,etf,is_etf=True,22
NSIT,common_stock,profile_fields_present,15
NSSC,common_stock,profile_fields_present,35
NSTB,spac_or_blank_check,industry_description:SHELL_COMPANIES+BUSINESS_COMBINATION,6
NSTD,spac_or_blank_check,industry_description:SHELL_COMPANIES+BUSINESS_COMBINATION,22
NSTS,common_stock,profile_fields_present,36
NSYS,common_stock,profile_fields_present,23
NTB,common_stock,profile_fields_present,59
NTCL,common_stock,profile_fields_present,15
NTCT,common_stock,profile_fields_present,36
NTG,mutual_fund,raw_flag:isFund,53
NTGR,common_stock,profile_fields_present,27
NTHI,common_stock,profile_fields_present,5
NTIC,common_stock,profile_fields_present,18
NTLA,common_stock,profile_fields_present,4
NTRB,common_stock,profile_fields_present,15
NTST,common_stock,profile_fields_present,25
NTWK,common_stock,profile_fields_present,24
NUAI,common_stock,profile_fields_present,3
NUS,common_stock,profile_fields_present,11
NUSI,etf,is_etf=True,57
NUTX,common_stock,profile_fields_present,28
NUVB,common_stock,profile_fields_present,24
NVAX,common_stock,profile_fields_present,10
NVCR,common_stock,profile_fields_present,4
NVCT,common_stock,profile_fields_present,3
NVEC,common_stock,profile_fields_present,11
NVEI,common_stock,profile_fields_present,16
NVFY,common_stock,profile_fields_present,21
NVGS,common_stock,profile_fields_present,53
NVRI,common_stock,profile_fields_present,36
NVST,common_stock,profile_fields_present,14
NWBI,common_stock,profile_fields_present,14
NWE,common_stock,profile_fields_present,36
NWFL,common_stock,profile_fields_present,7
NWL,common_stock,profile_fields_present,7
NWLG,etf,is_etf=True,75
NWLI,common_stock,profile_fields_present,15
NWN,common_stock,profile_fields_present,38
NWPX,common_stock,profile_fields_present,57
NX,common_stock,profile_fields_present,7
NXC,closed_end_fund,raw_description:CLOSED_END_MUTUAL_FUND,8
NXDR,common_stock,profile_fields_present,1
NXJ,mutual_fund,raw_flag:isFund,31
NXN,mutual_fund,raw_flag:isFund,7
NXP,closed_end_fund,raw_description:CLOSED_ENDED_MUTUAL_FUND,11
NXRT,common_stock,profile_fields_present,13
NYAX,common_stock,profile_fields_present,66
NYMT,common_stock,profile_fields_present,2
NYMTL,non_common_series,symbol_suffix:fifth_char_L+inactive,37
NYMTM,preferred,symbol_suffix:fifth_char_M+inactive,34
NYMTN,preferred,symbol_suffix:fifth_char_N+inactive,24
NYMTZ,non_common_series,symbol_suffix:fifth_char_Z+inactive,18
NZUS,etf,is_etf=True,78
OABI,common_stock,profile_fields_present,9
OAKU,spac_or_blank_check,name_contains:ACQUISITION CORPORATION,147
OB,common_stock,profile_fields_present,13
OBDE,business_development_company,name_industry:CAPITAL_CORPORATION_BDC,3
OBE,common_stock,profile_fields_present,39
OBK,common_stock,profile_fields_present,29
OBT,common_stock,profile_fields_present,15
OCC,common_stock,profile_fields_present,28
OCEN,etf,is_etf=True,7
OCFC,common_stock,profile_fields_present,9
OCFCP,preferred,symbol_suffix:fifth_char_P,4
OCFS,etf,is_etf=True,18
OCFT,adr,raw_flag:isAdr,42
OCS,common_stock,profile_fields_present,34
OCTO,common_stock,profile_fields_present,1
OCUL,common_stock,profile_fields_present,22
OCX,common_stock,profile_fields_present,4
ODC,common_stock,profile_fields_present,56
ODD,common_stock,profile_fields_present,17
ODV,common_stock,profile_fields_present,16
ODYS,common_stock,profile_fields_present,18
OESX,common_stock,profile_fields_present,13
OFG,common_stock,profile_fields_present,15
OFIX,common_stock,profile_fields_present,4
OFOS,etf,is_etf=True,7
OGCP,common_stock,profile_fields_present,21
OGN,common_stock,profile_fields_present,9
OGS,common_stock,profile_fields_present,27
OI,common_stock,profile_fields_present,15
OII,common_stock,profile_fields_present,18
OIS,common_stock,profile_fields_present,35
OKUR,common_stock,profile_fields_present,6
OLED,common_stock,profile_fields_present,14
OLK,adr,raw_flag:isAdr,1
OLLI,common_stock,profile_fields_present,33
OLMA,common_stock,profile_fields_present,11
OLN,common_stock,profile_fields_present,7
OLO,common_stock,profile_fields_present,26
OLP,common_stock,profile_fields_present,25
OLPX,common_stock,profile_fields_present,28
OMCL,common_stock,profile_fields_present,10
OMDA,common_stock,profile_fields_present,7
OMER,common_stock,profile_fields_present,11
OMI,common_stock,profile_fields_present,10
OMIC,common_stock,profile_fields_present,3
ONDS,common_stock,profile_fields_present,28
ONIT,common_stock,profile_fields_present,27
ONTF,common_stock,profile_fields_present,11
ONYX,spac_or_blank_check,name_contains:ACQUISITION CO,25
OOMA,common_stock,profile_fields_present,33
OOQB,etf,is_etf=True,15
OOSB,etf,is_etf=True,17
OOTO,etf,is_etf=True,23
OP,common_stock,profile_fields_present,2
OPBK,common_stock,profile_fields_present,29
OPCH,common_stock,profile_fields_present,10
OPEN,common_stock,profile_fields_present,8
OPFI,common_stock,profile_fields_present,24
OPHC,common_stock,profile_fields_present,29
OPLN,common_stock,profile_fields_present,66
OPOF,common_stock,profile_fields_present,56
OPRT,common_stock,profile_fields_present,10
OPRX,common_stock,profile_fields_present,18
OPTX,common_stock,profile_fields_present,15
OPXS,common_stock,profile_fields_present,33
OPY,common_stock,profile_fields_present,54
ORGO,common_stock,profile_fields_present,3
ORIC,common_stock,profile_fields_present,14
ORKA,common_stock,profile_fields_present,42
ORLA,common_stock,profile_fields_present,64
ORMP,common_stock,profile_fields_present,22
ORN,common_stock,profile_fields_present,39
ORRF,common_stock,profile_fields_present,23
ORTX,adr,raw_flag:isAdr,4
OS,common_stock,profile_fields_present,2
OSBC,common_stock,profile_fields_present,33
OSG,common_stock,profile_fields_present,3
OSIS,common_stock,profile_fields_present,59
OSPN,common_stock,profile_fields_present,31
OSS,common_stock,profile_fields_present,40
OSUR,common_stock,profile_fields_present,5
OSW,common_stock,profile_fields_present,46
OTEC,spac_or_blank_check,industry_description:SHELL_COMPANIES+BUSINESS_COMBINATION,4
OTTR,common_stock,profile_fields_present,15
OUST,common_stock,profile_fields_present,28
OVBC,common_stock,profile_fields_present,43
OVID,common_stock,profile_fields_present,13
OVLY,common_stock,profile_fields_present,22
OWLT,common_stock,profile_fields_present,29
OXLCM,business_development_company,name_industry:CAPITAL_CORPORATION_BDC,1
OXM,common_stock,profile_fields_present,1
OXSQZ,business_development_company,raw_description:BUSINESS_DEVELOPMENT_COMPANY,38
OXUS,spac_or_blank_check,name_contains:ACQUISITION CORP,8
OZ,common_stock,profile_fields_present,2
PACK,common_stock,profile_fields_present,17
PAGP,common_stock,profile_fields_present,47
PAGS,common_stock,profile_fields_present,20
PAHC,common_stock,profile_fields_present,53
PAL,common_stock,profile_fields_present,1
PALT,common_stock,profile_fields_present,6
PAMT,common_stock,profile_fields_present,1
PANL,common_stock,profile_fields_present,25
PAR,common_stock,profile_fields_present,32
PARA,common_stock,profile_fields_present,7
PARK,common_stock,profile_fields_present,1
PARR,common_stock,profile_fields_present,45
PATK,common_stock,profile_fields_present,47
PAX,common_stock,profile_fields_present,25
PAY,common_stock,profile_fields_present,20
PAYO,common_stock,profile_fields_present,40
PAYS,common_stock,profile_fields_present,23
PBAX,spac_or_blank_check,name_contains:ACQUISITION CORP,3
PBBK,common_stock,profile_fields_present,39
PBF,common_stock,profile_fields_present,17
PBFS,common_stock,profile_fields_present,51
PBH,common_stock,profile_fields_present,27
PBHC,common_stock,profile_fields_present,2
PBI,common_stock,profile_fields_present,49
PBYI,common_stock,profile_fields_present,24
PCB,common_stock,profile_fields_present,25
PCEM,etf,is_etf=True,31
PCK,mutual_fund,raw_flag:isFund,16
PCT,common_stock,profile_fields_present,18
PCYO,common_stock,profile_fields_present,14
PDCC,common_stock,profile_fields_present,1
PDCO,common_stock,profile_fields_present,1
PDEX,common_stock,profile_fields_present,41
PDFS,common_stock,profile_fields_present,23
PDLB,common_stock,profile_fields_present,53
PDM,common_stock,profile_fields_present,27
PDPA,common_stock,profile_fields_present,11
PDS,common_stock,profile_fields_present,33
PDYN,common_stock,profile_fields_present,6
PEB,common_stock,profile_fields_present,25
PEBK,common_stock,profile_fields_present,38
PEBO,common_stock,profile_fields_present,16
PED,common_stock,profile_fields_present,3
PEGR,spac_or_blank_check,name_contains:ACQUISITION CORP,33
PELI,spac_or_blank_check,name_contains:ACQUISITION CORPORATION,36
PELIR,spac_or_blank_check,name_contains:ACQUISITION CORPORATION,17
PENG,common_stock,profile_fields_present,32
PENN,common_stock,profile_fields_present,2
PERI,common_stock,profile_fields_present,1
PESI,common_stock,profile_fields_present,11
PETQ,common_stock,profile_fields_present,23
PEW,common_stock,profile_fields_present,30
PFAI,common_stock,profile_fields_present,1
PFC,common_stock,profile_fields_present,9
PFIE,common_stock,profile_fields_present,30
PFIS,common_stock,profile_fields_present,26
PFS,common_stock,profile_fields_present,19
PFSI,common_stock,profile_fields_present,33
PFTA,spac_or_blank_check,name_contains:ACQUISITION CORPORATION,15
PGC,common_stock,profile_fields_present,27
PGEN,common_stock,profile_fields_present,18
PGHL,common_stock,profile_fields_present,1
PGNY,common_stock,profile_fields_present,6
PGRE,common_stock,profile_fields_present,20
PGRU,common_stock,profile_fields_present,52
PGSS,spac_or_blank_check,name_contains:ACQUISITION CORP,31
PGTI,common_stock,profile_fields_present,18
PGY,common_stock,profile_fields_present,31
PHAT,common_stock,profile_fields_present,17
PHB,etf,is_etf=True,23
PHD,mutual_fund,raw_flag:isFund,20
PHH,common_stock,profile_fields_present,24
PHIN,common_stock,profile_fields_present,67
PHOE,common_stock,profile_fields_present,7
PHR,common_stock,profile_fields_present,6
PHT,mutual_fund,raw_flag:isFund,52
PHVS,common_stock,profile_fields_present,18
PHX,common_stock,profile_fields_present,23
PHYT,spac_or_blank_check,name_contains:ACQUISITION CORP,92
PI,common_stock,profile_fields_present,31
PII,common_stock,profile_fields_present,1
PIII,common_stock,profile_fields_present,4
PIN,etf,is_etf=True,42
PINC,common_stock,profile_fields_present,14
PINE,common_stock,profile_fields_present,17
PJT,common_stock,profile_fields_present,49
PK,common_stock,profile_fields_present,14
PKBK,common_stock,profile_fields_present,41
PKE,common_stock,profile_fields_present,38
PKOH,common_stock,profile_fields_present,22
PLAB,common_stock,profile_fields_present,19
PLAY,common_stock,profile_fields_present,8
PLBC,common_stock,profile_fields_present,24
PLBL,common_stock,profile_fields_present,2
PLMI,spac_or_blank_check,name_contains:ACQUISITION CORP,1
PLMR,common_stock,profile_fields_present,62
PLNT,common_stock,profile_fields_present,34
PLOW,common_stock,profile_fields_present,36
PLPC,common_stock,profile_fields_present,55
PLSE,common_stock,profile_fields_present,16
PLUG,common_stock,profile_fields_present,3
PLUS,common_stock,profile_fields_present,19
PLYM,common_stock,profile_fields_present,1
PMF,mutual_fund,raw_flag:isFund,12
PMTS,common_stock,profile_fields_present,11
PMTU,common_stock,profile_fields_present,21
PMX,mutual_fund,raw_flag:isFund,8
PNF,mutual_fund,raw_flag:isFund,2
PNRG,common_stock,profile_fields_present,33
PNTG,common_stock,profile_fields_present,58
POCI,common_stock,profile_fields_present,4
PODC,common_stock,profile_fields_present,17
POET,common_stock,profile_fields_present,12
POST,common_stock,profile_fields_present,21
POWI,common_stock,profile_fields_present,10
PP,etf,is_etf=True,10
PPHC,common_stock,profile_fields_present,2
PPIH,common_stock,profile_fields_present,46
PPLI,common_stock,profile_fields_present,6
PPSI,common_stock,profile_fields_present,4
PPTA,common_stock,profile_fields_present,55
PRA,common_stock,profile_fields_present,34
PRAA,common_stock,profile_fields_present,8
PRCH,common_stock,profile_fields_present,38
PRCT,common_stock,profile_fields_present,27
PRDO,common_stock,profile_fields_present,46
PRE,common_stock,profile_fields_present,24
PRG,common_stock,profile_fields_present,13
PRGS,common_stock,profile_fields_present,10
PRK,common_stock,profile_fields_present,19
PRKS,common_stock,profile_fields_present,3
PRLB,common_stock,profile_fields_present,35
PRLD,common_stock,profile_fields_present,10
PRLH,spac_or_blank_check,name_contains:ACQUISITION CORP,27
PRME,common_stock,profile_fields_present,5
PRMN,etf,is_etf=True,1
PRMW,common_stock,profile_fields_present,53
PROF,common_stock,profile_fields_present,3
PROV,common_stock,profile_fields_present,29
PRPO,common_stock,profile_fields_present,27
PRSU,common_stock,profile_fields_present,13
PRTA,common_stock,profile_fields_present,1
PRTH,common_stock,profile_fields_present,19
PRVA,common_stock,profile_fields_present,12
PSFE,common_stock,profile_fields_present,15
PSIG,common_stock,profile_fields_present,21
PSIX,common_stock,profile_fields_present,68
PSNL,common_stock,profile_fields_present,16
PSTG,common_stock,profile_fields_present,45
PSTL,common_stock,profile_fields_present,50
PSTX,common_stock,profile_fields_present,9
PT,adr,raw_flag:isAdr,3
PTEN,common_stock,profile_fields_present,21
PTN,common_stock,profile_fields_present,2
PTON,common_stock,profile_fields_present,10
PTRN,common_stock,profile_fields_present,4
PTVE,common_stock,profile_fields_present,44
PTWO,spac_or_blank_check,industry_description:SHELL_COMPANIES+BUSINESS_COMBINATION,14
PUBM,common_stock,profile_fields_present,10
PUMP,common_stock,profile_fields_present,30
PURR,common_stock,profile_fields_present,17
PVBC,common_stock,profile_fields_present,24
PVH,common_stock,profile_fields_present,18
PVLA,common_stock,profile_fields_present,44
PWOD,common_stock,profile_fields_present,23
PWP,common_stock,profile_fields_present,45
PWSC,common_stock,profile_fields_present,3
PWUP,spac_or_blank_check,name_contains:ACQUISITION CORP,13
PX,common_stock,profile_fields_present,15
PXD,common_stock,profile_fields_present,12
PXLW,common_stock,profile_fields_present,15
PXS,common_stock,profile_fields_present,17
PXSAP,preferred,symbol_suffix:fifth_char_P,8
PYCR,common_stock,profile_fields_present,1
PYN,mutual_fund,raw_flag:isFund,7
PYPD,common_stock,profile_fields_present,20
QCRH,common_stock,profile_fields_present,34
QD,adr,raw_flag:isAdr,14
QDCC,etf,is_etf=True,20
QIPT,common_stock,profile_fields_present,24
QMCO,common_stock,profile_fields_present,7
QNST,common_stock,profile_fields_present,20
QOMO,spac_or_blank_check,name_contains:ACQUISITION CORP,35
QOMOR,spac_or_blank_check,name_contains:ACQUISITION CORP,2
QQJG,etf,is_etf=True,55
QRTEP,preferred,symbol_suffix:fifth_char_P,2
QS,common_stock,profile_fields_present,10
QSG,adr,raw_flag:isAdr,13
QSWN,etf,is_etf=True,29
QTI,common_stock,profile_fields_present,22
QTTB,common_stock,profile_fields_present,30
QTWO,common_stock,profile_fields_present,51
QUAD,common_stock,profile_fields_present,19
QUBT,common_stock,profile_fields_present,12
QUIK,common_stock,profile_fields_present,35
QUP,etf,is_etf=True,24
QURE,common_stock,profile_fields_present,17
QVCC,common_stock,profile_fields_present,8
RAIL,common_stock,profile_fields_present,41
RAMP,common_stock,profile_fields_present,5
RAPP,common_stock,profile_fields_present,12
RAPT,common_stock,profile_fields_present,31
RARE,common_stock,profile_fields_present,10
RAVE,common_stock,profile_fields_present,15
RAYC,etf,is_etf=True,9
RAYD,etf,is_etf=True,107
RBB,common_stock,profile_fields_present,22
RBBN,common_stock,profile_fields_present,15
RBCAA,common_stock,profile_fields_present,24
RBCP,common_stock,profile_fields_present,2
RBKB,common_stock,profile_fields_present,47
RCAT,common_stock,profile_fields_present,41
RCB,common_stock,profile_fields_present,33
RCC,common_stock,profile_fields_present,16
RCFA,spac_or_blank_check,name_contains:ACQUISITION CORP,37
RCKY,common_stock,profile_fields_present,18
RCMT,common_stock,profile_fields_present,17
RCRT,common_stock,profile_fields_present,4
RCUS,common_stock,profile_fields_present,12
RDCM,common_stock,profile_fields_present,19
RDFN,common_stock,profile_fields_present,3
RDIB,common_stock,profile_fields_present,3
RDN,common_stock,profile_fields_present,26
RDNT,common_stock,profile_fields_present,43
RDUS,common_stock,profile_fields_present,19
RDVT,common_stock,profile_fields_present,52
RDW,common_stock,profile_fields_present,45
RDWR,common_stock,profile_fields_present,22
REKT,etf,is_etf=True,1
RELL,common_stock,profile_fields_present,16
RELY,common_stock,profile_fields_present,18
RENE,common_stock,profile_fields_present,188
REPL,common_stock,profile_fields_present,1
REPX,common_stock,profile_fields_present,19
RES,common_stock,profile_fields_present,10
RESP,etf,is_etf=True,7
REVE,spac_or_blank_check,name_contains:ACQUISITION CORPORATION,16
REVG,common_stock,profile_fields_present,64
REX,common_stock,profile_fields_present,39
REYN,common_stock,profile_fields_present,12
REZI,common_stock,profile_fields_present,41
RFAC,spac_or_blank_check,name_contains:ACQUISITION CORP,105
RFIL,common_stock,profile_fields_present,38
RGCO,common_stock,profile_fields_present,7
RGLS,common_stock,profile_fields_present,16
RGNX,common_stock,profile_fields_present,13
RGR,common_stock,profile_fields_present,9
RGS,common_stock,profile_fields_present,10
RH,common_stock,profile_fields_present,10
RHE,common_stock,profile_fields_present,1
RHLD,common_stock,profile_fields_present,32
RIGL,common_stock,profile_fields_present,25
RILY,common_stock,profile_fields_present,7
RILYK,exchange_traded_debt,name_contains:NOTES,52
RILYO,preferred,symbol_suffix:fifth_char_O+inactive,19
RJET,common_stock,profile_fields_present,1
RJMG,etf,is_etf=True,43
RKTO,common_stock,profile_fields_present,1
RLAY,common_stock,profile_fields_present,27
RLGT,common_stock,profile_fields_present,17
RLI,common_stock,profile_fields_present,27
RLJ,common_stock,profile_fields_present,20
RLMD,common_stock,profile_fields_present,38
RLYB,common_stock,profile_fields_present,10
RM,common_stock,profile_fields_present,28
RMAX,common_stock,profile_fields_present,2
RMBI,common_stock,profile_fields_present,26
RMCO,common_stock,profile_fields_present,20
RMNI,common_stock,profile_fields_present,11
RMR,common_stock,profile_fields_present,9
RNG,common_stock,profile_fields_present,13
RNGR,common_stock,profile_fields_present,27
RNMC,etf,is_etf=True,15
RNSC,etf,is_etf=True,10
RNST,common_stock,profile_fields_present,16
RNW,common_stock,profile_fields_present,11
ROCK,common_stock,profile_fields_present,9
ROCL,spac_or_blank_check,industry_description:SHELL_COMPANIES+BUSINESS_COMBINATION,23
ROG,common_stock,profile_fields_present,25
ROIC,common_stock,profile_fields_present,25
ROLR,common_stock,profile_fields_present,2
ROMA,common_stock,profile_fields_present,29
ROOF,etf,is_etf=True,16
ROOT,common_stock,profile_fields_present,35
RORO,etf,is_etf=True,7
ROSS,spac_or_blank_check,name_contains:ACQUISITION CORP,17
ROVR,common_stock,profile_fields_present,6
RPAY,common_stock,profile_fields_present,6
RPD,common_stock,profile_fields_present,1
RPTX,common_stock,profile_fields_present,9
RR,common_stock,profile_fields_present,5
RRAC,spac_or_blank_check,name_contains:ACQUISITION CORP,99
RRBI,common_stock,profile_fields_present,38
RRGB,common_stock,profile_fields_present,2
RRR,common_stock,profile_fields_present,25
RSKD,common_stock,profile_fields_present,9
RSSS,common_stock,profile_fields_present,15
RSVR,common_stock,profile_fields_present,35
RUFF,etf,is_etf=True,36
RUM,common_stock,profile_fields_present,3
RUN,common_stock,profile_fields_present,8
RVLV,common_stock,profile_fields_present,19
RVSB,common_stock,profile_fields_present,4
RWAYZ,exchange_traded_debt,name_contains:NOTES,6
RWLK,common_stock,profile_fields_present,5
RWOD,spac_or_blank_check,name_contains:ACQUISITION CORP,7
RWT,common_stock,profile_fields_present,3
RWTN,common_stock,profile_fields_present,4
RXO,common_stock,profile_fields_present,32
RXST,common_stock,profile_fields_present,18
RXT,common_stock,profile_fields_present,7
RYAM,common_stock,profile_fields_present,32
RYAN,common_stock,profile_fields_present,27
RYI,common_stock,profile_fields_present,3
RYJ,etf,is_etf=True,14
RYM,common_stock,profile_fields_present,3
RYN,common_stock,profile_fields_present,3
RYZ,common_stock,profile_fields_present,13
RYZB,common_stock,profile_fields_present,8
RZLT,common_stock,profile_fields_present,41
RZLV,common_stock,profile_fields_present,1
SA,common_stock,profile_fields_present,30
SABS,common_stock,profile_fields_present,5
SACC,common_stock,profile_fields_present,16
SAFE,common_stock,profile_fields_present,10
SAFT,common_stock,profile_fields_present,2
SAH,common_stock,profile_fields_present,27
SAIC,common_stock,profile_fields_present,21
SAM,common_stock,profile_fields_present,2
SAMG,common_stock,profile_fields_present,6
SANA,common_stock,profile_fields_present,6
SAND,common_stock,profile_fields_present,53
SANG,common_stock,profile_fields_present,24
SASR,common_stock,profile_fields_present,16
SATL,common_stock,profile_fields_present,19
SATX,common_stock,profile_fields_present,18
SAVA,common_stock,profile_fields_present,2
SB,common_stock,profile_fields_present,53
SBBA,common_stock,profile_fields_present,10
SBC,common_stock,profile_fields_present,14
SBCF,common_stock,profile_fields_present,18
SBET,common_stock,profile_fields_present,2
SBFG,common_stock,profile_fields_present,28
SBGI,common_stock,profile_fields_present,4
SBH,common_stock,profile_fields_present,12
SBLK,common_stock,profile_fields_present,38
SBRA,common_stock,profile_fields_present,39
SBSI,common_stock,profile_fields_present,10
SBXC,common_stock,profile_fields_present,22
SCCC,common_stock,profile_fields_present,23
SCCD,exchange_traded_debt,name_contains:NOTES,41
SCCE,common_stock,profile_fields_present,32
SCCF,common_stock,profile_fields_present,48
SCCG,common_stock,profile_fields_present,12
SCHL,common_stock,profile_fields_present,32
SCL,common_stock,profile_fields_present,5
SCOR,common_stock,profile_fields_present,2
SCPH,common_stock,profile_fields_present,1
SCPQ,common_stock,profile_fields_present,13
SCRM,spac_or_blank_check,name_contains:ACQUISITION CORP,39
SCS,common_stock,profile_fields_present,14
SCSC,common_stock,profile_fields_present,25
SCVL,common_stock,profile_fields_present,24
SCWO,common_stock,profile_fields_present,2
SCWX,common_stock,profile_fields_present,2
SCX,common_stock,profile_fields_present,23
SD,common_stock,profile_fields_present,24
SDGR,common_stock,profile_fields_present,1
SDHC,common_stock,profile_fields_present,7
SDRL,common_stock,profile_fields_present,32
SEB,common_stock,profile_fields_present,42
SEDA,spac_or_blank_check,name_contains:ACQUISITION CORPORATION,30
SEDG,common_stock,profile_fields_present,22
SEE,common_stock,profile_fields_present,4
SEI,common_stock,profile_fields_present,46
SELF,common_stock,profile_fields_present,8
SEM,common_stock,profile_fields_present,29
SENEA,common_stock,profile_fields_present,73
SENS,common_stock,profile_fields_present,8
SEPA,spac_or_blank_check,name_contains:ACQUISITION CORP,6
SEPN,common_stock,profile_fields_present,7
SERA,common_stock,profile_fields_present,13
SERV,common_stock,profile_fields_present,8
SEVN,common_stock,profile_fields_present,11
SEZL,common_stock,profile_fields_present,59
SFB,exchange_traded_debt,name_contains:NOTES,7
SFBC,common_stock,profile_fields_present,17
SFBS,common_stock,profile_fields_present,11
SFIX,common_stock,profile_fields_present,1
SFL,common_stock,profile_fields_present,41
SFNC,common_stock,profile_fields_present,17
SFST,common_stock,profile_fields_present,28
SFYX,etf,is_etf=True,50
SG,common_stock,profile_fields_present,27
SGC,common_stock,profile_fields_present,12
SGHT,common_stock,profile_fields_present,8
SGML,common_stock,profile_fields_present,16
SGMT,common_stock,profile_fields_present,7
SGU,common_stock,profile_fields_present,7
SHAK,common_stock,profile_fields_present,25
SHAP,spac_or_blank_check,name_contains:ACQUISITION CORP,1
SHBI,common_stock,profile_fields_present,35
SHC,common_stock,profile_fields_present,16
SHCO,common_stock,profile_fields_present,34
SHCR,common_stock,profile_fields_present,43
SHEN,common_stock,profile_fields_present,5
SHIM,common_stock,profile_fields_present,17
SHIP,common_stock,profile_fields_present,43
SHLS,common_stock,profile_fields_present,18
SHMD,common_stock,profile_fields_present,14
SHO,common_stock,profile_fields_present,33
SHOO,common_stock,profile_fields_present,20
SHYF,common_stock,profile_fields_present,2
SI,common_stock,profile_fields_present,3
SIBN,common_stock,profile_fields_present,8
SIDU,common_stock,profile_fields_present,4
SIF,common_stock,profile_fields_present,27
SIG,common_stock,profile_fields_present,3
SIGA,common_stock,profile_fields_present,14
SII,common_stock,profile_fields_present,85
SILA,common_stock,profile_fields_present,10
SILC,common_stock,profile_fields_present,19
SILK,common_stock,profile_fields_present,9
SILV,common_stock,profile_fields_present,22
SION,common_stock,profile_fields_present,18
SIOX,common_stock,profile_fields_present,3
SITC,common_stock,profile_fields_present,10
SITE,common_stock,profile_fields_present,6
SIX,common_stock,profile_fields_present,5
SKBL,common_stock,profile_fields_present,1
SKE,common_stock,profile_fields_present,79
SKGR,common_stock,profile_fields_present,75
SKIL,common_stock,profile_fields_present,18
SKLZ,common_stock,profile_fields_present,7
SKT,common_stock,profile_fields_present,39
SKWD,common_stock,profile_fields_present,45
SKX,common_stock,profile_fields_present,18
SKY,common_stock,profile_fields_present,27
SKYH,common_stock,profile_fields_present,21
SKYT,common_stock,profile_fields_present,27
SKYW,common_stock,profile_fields_present,57
SLAC,spac_or_blank_check,name_contains:ACQUISITION CORP,14
SLAM,spac_or_blank_check,industry_description:SHELL_COMPANIES+BUSINESS_COMBINATION,46
SLCA,common_stock,profile_fields_present,1
SLDB,common_stock,profile_fields_present,21
SLDP,common_stock,profile_fields_present,21
SLG,common_stock,profile_fields_present,32
SLGL,common_stock,profile_fields_present,27
SLGN,common_stock,profile_fields_present,14
SLI,common_stock,profile_fields_present,18
SLM,common_stock,profile_fields_present,37
SLNG,common_stock,profile_fields_present,18
SLNO,common_stock,profile_fields_present,39
SLS,common_stock,profile_fields_present,27
SLVM,common_stock,profile_fields_present,33
SMA,common_stock,profile_fields_present,6
SMAR,common_stock,profile_fields_present,15
SMBC,common_stock,profile_fields_present,24
SMBK,common_stock,profile_fields_present,36
SMC,common_stock,profile_fields_present,6
SMCP,etf,is_etf=True,15
SMG,common_stock,profile_fields_present,14
SMHI,common_stock,profile_fields_present,7
SMID,common_stock,profile_fields_present,13
SMLP,common_stock,profile_fields_present,16
SMLR,common_stock,profile_fields_present,10
SMP,common_stock,profile_fields_present,16
SMPL,common_stock,profile_fields_present,1
SMR,common_stock,profile_fields_present,26
SMWB,common_stock,profile_fields_present,38
SNCR,common_stock,profile_fields_present,8
SNCY,common_stock,profile_fields_present,14
SND,common_stock,profile_fields_present,31
SNDA,common_stock,profile_fields_present,37
SNDX,common_stock,profile_fields_present,16
SNFCA,common_stock,profile_fields_present,33
SNPX,common_stock,profile_fields_present,3
SNRE,common_stock,profile_fields_present,14
SNT,common_stock,profile_fields_present,29
SNV,common_stock,profile_fields_present,16
SNWV,common_stock,profile_fields_present,46
SOC,common_stock,profile_fields_present,33
SOHO,common_stock,profile_fields_present,28
SOI,common_stock,profile_fields_present,9
SON,common_stock,profile_fields_present,5
SONN,common_stock,profile_fields_present,2
SONO,common_stock,profile_fields_present,15
SOPA,common_stock,profile_fields_present,1
SOPH,common_stock,profile_fields_present,8
SOR,closed_end_fund,raw_description:CLOSED_END_SUBJECT_POSITION,38
SOTK,common_stock,profile_fields_present,3
SOUN,common_stock,profile_fields_present,15
SOVO,common_stock,profile_fields_present,5
SP,common_stock,profile_fields_present,11
SPAI,common_stock,profile_fields_present,11
SPB,common_stock,profile_fields_present,17
SPC,etf,is_etf=True,9
SPCB,common_stock,profile_fields_present,5
SPCE,common_stock,profile_fields_present,2
SPCY,etf,is_etf=True,14
SPFI,common_stock,profile_fields_present,24
SPH,common_stock,profile_fields_present,10
SPHR,common_stock,profile_fields_present,15
SPI,common_stock,profile_fields_present,2
SPIR,common_stock,profile_fields_present,22
SPLG,etf,is_etf=True,101
SPLK,common_stock,profile_fields_present,20
SPMC,closed_end_fund,industry_description:ASSET_MANAGEMENT+FUND_TEMPLATE,7
SPME,closed_end_fund,raw_description:CLOSED_END_SUBJECT_POSITION,4
SPNT,common_stock,profile_fields_present,58
SPOK,common_stock,profile_fields_present,12
SPQ,etf,is_etf=True,34
SPR,common_stock,profile_fields_present,23
SPRB,common_stock,profile_fields_present,15
SPRO,common_stock,profile_fields_present,10
SPRU,common_stock,profile_fields_present,9
SPRY,common_stock,profile_fields_present,22
SPSC,common_stock,profile_fields_present,2
SPTN,common_stock,profile_fields_present,14
SPVU,etf,name_contains:ETF,57
SQ,common_stock,profile_fields_present,11
SQEW,etf,is_etf=True,27
SQSP,common_stock,profile_fields_present,42
SR,common_stock,profile_fields_present,43
SRAD,common_stock,profile_fields_present,64
SRBK,common_stock,profile_fields_present,72
SRC,common_stock,profile_fields_present,2
SRCE,common_stock,profile_fields_present,25
SRCL,common_stock,profile_fields_present,13
SRDX,common_stock,profile_fields_present,8
SRG,common_stock,profile_fields_present,2
SRI,common_stock,profile_fields_present,2
SRL,common_stock,profile_fields_present,9
SRM,common_stock,profile_fields_present,3
SRPT,common_stock,profile_fields_present,2
SRTA,common_stock,profile_fields_present,13
SRTS,common_stock,profile_fields_present,14
SRZN,common_stock,profile_fields_present,27
SSBI,common_stock,profile_fields_present,19
SSBK,common_stock,profile_fields_present,5
SSII,common_stock,profile_fields_present,48
SSNT,common_stock,profile_fields_present,2
SSP,common_stock,profile_fields_present,10
SSPX,etf,is_etf=True,68
SSTI,common_stock,profile_fields_present,6
SSY,common_stock,profile_fields_present,4
STAA,common_stock,profile_fields_present,7
STAK,common_stock,profile_fields_present,6
STBA,common_stock,profile_fields_present,28
STC,common_stock,profile_fields_present,19
STCN,common_stock,profile_fields_present,17
STEL,common_stock,profile_fields_present,22
STEM,common_stock,profile_fields_present,2
STER,common_stock,profile_fields_present,9
STGW,common_stock,profile_fields_present,16
STI,common_stock,profile_fields_present,1
STKL,common_stock,profile_fields_present,9
STNE,common_stock,profile_fields_present,17
STNG,common_stock,profile_fields_present,44
STOK,common_stock,profile_fields_present,32
STRA,common_stock,profile_fields_present,7
STRO,common_stock,profile_fields_present,21
STRR,common_stock,profile_fields_present,1
STRS,common_stock,profile_fields_present,15
STRT,common_stock,profile_fields_present,34
STRV,etf,is_etf=True,96
STRW,common_stock,profile_fields_present,46
STRZ,common_stock,profile_fields_present,8
STTK,common_stock,profile_fields_present,39
STVN,common_stock,profile_fields_present,6
STXI,etf,is_etf=True,37
STXM,etf,is_etf=True,35
SUM,common_stock,profile_fields_present,29
SUNC,common_stock,profile_fields_present,27
SUNS,common_stock,profile_fields_present,4
SUPN,common_stock,profile_fields_present,38
SUPX,common_stock,profile_fields_present,34
SVCO,common_stock,profile_fields_present,19
SVM,common_stock,profile_fields_present,52
SVRA,common_stock,profile_fields_present,24
SVT,common_stock,profile_fields_present,17
SVV,common_stock,profile_fields_present,12
SWAG,common_stock,profile_fields_present,22
SWBI,common_stock,profile_fields_present,28
SWI,common_stock,profile_fields_present,26
SWIM,common_stock,profile_fields_present,19
SWIN,common_stock,profile_fields_present,17
SWKH,common_stock,profile_fields_present,16
SWN,common_stock,profile_fields_present,6
SWTX,common_stock,profile_fields_present,16
SXC,common_stock,profile_fields_present,12
SXI,common_stock,profile_fields_present,47
SXT,common_stock,profile_fields_present,2
SYBT,common_stock,profile_fields_present,22
SYNB,etf,is_etf=True,31
SYPR,common_stock,profile_fields_present,9
SYRE,common_stock,profile_fields_present,41
TAC,common_stock,profile_fields_present,26
TACT,common_stock,profile_fields_present,4
TALK,common_stock,profile_fields_present,38
TALO,common_stock,profile_fields_present,23
TARA,common_stock,profile_fields_present,11
TARO,common_stock,profile_fields_present,2
TARS,common_stock,profile_fields_present,46
TASK,common_stock,profile_fields_present,9
TAST,common_stock,profile_fields_present,26
TATT,common_stock,profile_fields_present,67
TAYD,common_stock,profile_fields_present,48
TBBB,common_stock,profile_fields_present,25
TBBK,common_stock,profile_fields_present,39
TBC,exchange_traded_debt,name_contains:NOTES,4
TBCH,common_stock,profile_fields_present,12
TBHC,common_stock,profile_fields_present,1
TBLA,common_stock,profile_fields_present,10
TBMC,spac_or_blank_check,industry_description:SHELL_COMPANIES+BUSINESS_COMBINATION,121
TBN,common_stock,profile_fields_present,13
TBPH,common_stock,profile_fields_present,29
TBRG,common_stock,profile_fields_present,56
TCBI,common_stock,profile_fields_present,29
TCBK,common_stock,profile_fields_present,17
TCBS,common_stock,profile_fields_present,19
TCBX,common_stock,profile_fields_present,47
TCI,common_stock,profile_fields_present,24
TCMD,common_stock,profile_fields_present,24
TCN,common_stock,profile_fields_present,20
TCX,common_stock,profile_fields_present,7
TDAY,common_stock,profile_fields_present,28
TDC,common_stock,profile_fields_present,1
TDS,common_stock,profile_fields_present,48
TDUP,common_stock,profile_fields_present,38
TDW,common_stock,profile_fields_present,34
TE,common_stock,profile_fields_present,20
TEAF,mutual_fund,raw_flag:isFund,11
TECTP,preferred,symbol_suffix:fifth_char_P,21
TECX,common_stock,profile_fields_present,31
TEF,adr,raw_flag:isAdr,33
TELZ,common_stock,profile_fields_present,11
TEMP,etf,is_etf=True,31
TEN,common_stock,profile_fields_present,62
TENB,common_stock,profile_fields_present,3
TENK,spac_or_blank_check,industry_description:SHELL_COMPANIES+BUSINESS_COMBINATION,46
TENX,common_stock,profile_fields_present,18
TERN,common_stock,profile_fields_present,33
TETE,spac_or_blank_check,name_contains:ACQUISITION CORPORATION,116
TEX,common_stock,profile_fields_present,13
TFIN,common_stock,profile_fields_present,17
TFINP,preferred,symbol_suffix:fifth_char_P,17
TFSA,mutual_fund,raw_flag:isFund,6
TFSL,common_stock,profile_fields_present,19
TG,common_stock,profile_fields_present,25
TGAA,spac_or_blank_check,industry_description:SHELL_COMPANIES+BUSINESS_COMBINATION,36
TGAN,common_stock,profile_fields_present,1
TGB,common_stock,profile_fields_present,57
TGEN,common_stock,profile_fields_present,34
TGH,common_stock,profile_fields_present,15
TGI,common_stock,profile_fields_present,35
TGLS,common_stock,profile_fields_present,37
TGNA,common_stock,profile_fields_present,13
TGVC,spac_or_blank_check,name_contains:ACQUISITION CORP,14
TH,common_stock,profile_fields_present,10
THAR,common_stock,profile_fields_present,3
THCP,spac_or_blank_check,industry_description:SHELL_COMPANIES+BUSINESS_COMBINATION,36
THFF,common_stock,profile_fields_present,45
THM,common_stock,profile_fields_present,29
THO,common_stock,profile_fields_present,11
THRD,common_stock,profile_fields_present,8
THTX,common_stock,profile_fields_present,29
TIC,common_stock,profile_fields_present,4
TII,common_stock,profile_fields_present,4
TIL,common_stock,profile_fields_present,10
TILE,common_stock,profile_fields_present,47
TIPT,common_stock,profile_fields_present,20
TISI,common_stock,profile_fields_present,13
TITN,common_stock,profile_fields_present,8
TIXT,common_stock,profile_fields_present,3
TK,common_stock,profile_fields_present,49
TKNO,common_stock,profile_fields_present,18
TLGY,spac_or_blank_check,name_contains:ACQUISITION CORPORATION,125
TLRY,common_stock,profile_fields_present,2
TLS,common_stock,profile_fields_present,13
TLSI,common_stock,profile_fields_present,7
TLX,common_stock,profile_fields_present,2
TLYS,common_stock,profile_fields_present,19
TMC,common_stock,profile_fields_present,24
TMDX,common_stock,profile_fields_present,31
TMET,etf,is_etf=True,34
TMH,common_stock,profile_fields_present,18
TMP,common_stock,profile_fields_present,26
TMQ,common_stock,profile_fields_present,25
TMTC,spac_or_blank_check,name_contains:ACQUISITION CORP,62
TNC,common_stock,profile_fields_present,17
TNDM,common_stock,profile_fields_present,7
TNET,common_stock,profile_fields_present,8
TNGX,common_stock,profile_fields_present,35
TNK,common_stock,profile_fields_present,50
TNL,common_stock,profile_fields_present,38
TNP,common_stock,profile_fields_present,22
TNXP,common_stock,profile_fields_present,1
TOI,common_stock,profile_fields_present,22
TONX,common_stock,profile_fields_present,2
TORO,common_stock,profile_fields_present,15
TOWN,common_stock,profile_fields_present,19
TOYO,common_stock,profile_fields_present,27
TPB,common_stock,profile_fields_present,96
TPC,common_stock,profile_fields_present,100
TPCS,common_stock,profile_fields_present,6
TPH,common_stock,profile_fields_present,43
TPHE,etf,is_etf=True,34
TPLE,etf,is_etf=True,37
TPMN,etf,is_etf=True,12
TPX,common_stock,profile_fields_present,23
TR,common_stock,profile_fields_present,40
TRAK,common_stock,profile_fields_present,37
TRC,common_stock,profile_fields_present,11
TRDA,common_stock,profile_fields_present,18
TREE,common_stock,profile_fields_present,29
TREX,common_stock,profile_fields_present,14
TRIP,common_stock,profile_fields_present,8
TRIS,spac_or_blank_check,industry_description:SHELL_COMPANIES+BUSINESS_COMBINATION,69
TRMD,common_stock,profile_fields_present,32
TRMK,common_stock,profile_fields_present,31
TRML,common_stock,profile_fields_present,14
TRN,common_stock,profile_fields_present,27
TRNS,common_stock,profile_fields_present,14
TROO,common_stock,profile_fields_present,15
TROX,common_stock,profile_fields_present,28
TRS,common_stock,profile_fields_present,30
TRST,common_stock,profile_fields_present,47
TRT,common_stock,profile_fields_present,23
TRTL,spac_or_blank_check,name_contains:ACQUISITION CORP,42
TRTX,common_stock,profile_fields_present,19
TRUE,common_stock,profile_fields_present,11
TRUP,common_stock,profile_fields_present,22
TRVI,common_stock,profile_fields_present,42
TSAT,common_stock,profile_fields_present,47
TSBK,common_stock,profile_fields_present,25
TSHA,common_stock,profile_fields_present,22
TSQ,common_stock,profile_fields_present,2
TSRI,common_stock,profile_fields_present,13
TSSI,common_stock,profile_fields_present,70
TTAM,common_stock,profile_fields_present,13
TTI,common_stock,profile_fields_present,29
TTP,mutual_fund,raw_flag:isFund,72
TTSH,common_stock,profile_fields_present,9
TURN,business_development_company,name_industry:CAPITAL_CORPORATION_BDC,17
TUSK,common_stock,profile_fields_present,6
TVTX,common_stock,profile_fields_present,36
TWFG,common_stock,profile_fields_present,7
TWI,common_stock,profile_fields_present,8
TWIN,common_stock,profile_fields_present,28
TWIO,etf,is_etf=True,22
TWO,common_stock,profile_fields_present,1
TWST,common_stock,profile_fields_present,26
TXG,common_stock,profile_fields_present,21
TXSS,etf,is_etf=True,15
TY,closed_end_fund,raw_description:CLOSED_END_EQUITY_MUTUAL_FUND,60
TYG,closed_end_fund,raw_description:CLOSED_END_EQUITY_MUTUAL_FUND,54
TYGO,common_stock,profile_fields_present,28
TYRA,common_stock,profile_fields_present,55
TZOO,common_stock,profile_fields_present,27
TZUP,common_stock,profile_fields_present,15
UA,common_stock,profile_fields_present,3
UAA,common_stock,profile_fields_present,5
UAMY,common_stock,profile_fields_present,52
UAN,common_stock,profile_fields_present,23
UBCP,common_stock,profile_fields_present,10
UBFO,common_stock,profile_fields_present,34
UCB,common_stock,profile_fields_present,15
UCBI,common_stock,profile_fields_present,2
UCFI,common_stock,profile_fields_present,87
UCTT,common_stock,profile_fields_present,52
UE,common_stock,profile_fields_present,34
UEIC,common_stock,profile_fields_present,3
UFCS,common_stock,profile_fields_present,38
UFI,common_stock,profile_fields_present,2
UFPI,common_stock,profile_fields_present,5
UFPT,common_stock,profile_fields_present,32
UG,common_stock,profile_fields_present,19
UHT,common_stock,profile_fields_present,10
UIS,common_stock,profile_fields_present,11
ULBI,common_stock,profile_fields_present,6
ULCC,common_stock,profile_fields_present,5
ULH,common_stock,profile_fields_present,12
ULTR,etf,is_etf=True,4
UMAC,common_stock,profile_fields_present,16
UMH,common_stock,profile_fields_present,20
UNB,common_stock,profile_fields_present,7
UNCY,common_stock,profile_fields_present,1
UNF,common_stock,profile_fields_present,22
UNFI,common_stock,profile_fields_present,38
UNIT,common_stock,profile_fields_present,17
UNTY,common_stock,profile_fields_present,28
UP,common_stock,profile_fields_present,2
UPB,common_stock,profile_fields_present,8
UPBD,common_stock,profile_fields_present,6
UPST,common_stock,profile_fields_present,6
UPWK,common_stock,profile_fields_present,19
URGN,common_stock,profile_fields_present,17
UROY,common_stock,profile_fields_present,17
USAC,common_stock,profile_fields_present,23
USAP,common_stock,profile_fields_present,39
USAR,common_stock,profile_fields_present,9
USAS,common_stock,profile_fields_present,76
USAU,common_stock,profile_fields_present,42
USCB,common_stock,profile_fields_present,20
USCF,etf,is_etf=True,26
USGO,common_stock,profile_fields_present,10
USLM,common_stock,profile_fields_present,57
USM,common_stock,profile_fields_present,23
USVT,etf,is_etf=True,6
UTI,common_stock,profile_fields_present,54
UTL,common_stock,profile_fields_present,10
UTMD,common_stock,profile_fields_present,8
UTRN,etf,is_etf=True,51
UTZ,common_stock,profile_fields_present,3
UUUU,common_stock,profile_fields_present,28
UVE,common_stock,profile_fields_present,41
UVSP,common_stock,profile_fields_present,45
UVV,common_stock,profile_fields_present,9
UWMC,common_stock,profile_fields_present,13
VABK,common_stock,profile_fields_present,11
VAC,common_stock,profile_fields_present,2
VALU,common_stock,profile_fields_present,1
VATE,common_stock,profile_fields_present,28
VBFC,mutual_fund,raw_flag:isFund,26
VBNK,common_stock,profile_fields_present,60
VBTX,common_stock,profile_fields_present,20
VC,common_stock,profile_fields_present,6
VCEL,common_stock,profile_fields_present,26
VCIC,spac_or_blank_check,industry_description:SHELL_COMPANIES+BUSINESS_COMBINATION,74
VCXB,spac_or_blank_check,name_contains:ACQUISITION CORP,37
VCYT,common_stock,profile_fields_present,26
VECO,common_stock,profile_fields_present,47
VEL,common_stock,profile_fields_present,26
VELO,common_stock,profile_fields_present,3
VENU,common_stock,profile_fields_present,17
VERA,common_stock,profile_fields_present,20
VERU,common_stock,profile_fields_present,1
VERV,common_stock,profile_fields_present,1
VERX,common_stock,profile_fields_present,33
VERY,common_stock,profile_fields_present,6
VET,common_stock,profile_fields_present,21
VFF,common_stock,profile_fields_present,40
VGR,common_stock,profile_fields_present,12
VGZ,common_stock,profile_fields_present,36
VHAQ,spac_or_blank_check,name_contains:ACQUISITION CORP,8
VHC,common_stock,profile_fields_present,17
VHI,common_stock,profile_fields_present,28
VIASP,preferred,symbol_suffix:fifth_char_P,44
VIGL,common_stock,profile_fields_present,21
VINE,common_stock,profile_fields_present,4
VINP,common_stock,profile_fields_present,30
VIR,common_stock,profile_fields_present,5
VIRC,common_stock,profile_fields_present,9
VITL,common_stock,profile_fields_present,49
VIVO,common_stock,profile_fields_present,4
VKTX,common_stock,profile_fields_present,9
VLGEA,common_stock,profile_fields_present,61
VLN,common_stock,profile_fields_present,15
VMCA,spac_or_blank_check,industry_description:SHELL_COMPANIES+BUSINESS_COMBINATION,58
VMD,common_stock,profile_fields_present,13
VMEO,common_stock,profile_fields_present,29
VMET,common_stock,profile_fields_present,1
VNCE,common_stock,profile_fields_present,8
VNDA,common_stock,profile_fields_present,13
VNT,common_stock,profile_fields_present,27
VOR,common_stock,profile_fields_present,2
VOXR,common_stock,profile_fields_present,42
VPG,common_stock,profile_fields_present,40
VRA,common_stock,profile_fields_present,11
VRCA,common_stock,profile_fields_present,4
VRDN,common_stock,profile_fields_present,17
VRE,common_stock,profile_fields_present,27
VRM,common_stock,profile_fields_present,19
VRN,adr,raw_flag:isAdr,7
VRNA,adr,raw_flag:isAdr,89
VRNS,common_stock,profile_fields_present,17
VRRM,common_stock,profile_fields_present,23
VRTS,common_stock,profile_fields_present,3
VSAC,spac_or_blank_check,name_contains:ACQUISITION CORP,26
VSEC,common_stock,profile_fields_present,63
VSTM,common_stock,profile_fields_present,7
VSTO,common_stock,profile_fields_present,29
VSTS,common_stock,profile_fields_present,19
VTEX,common_stock,profile_fields_present,16
VTOL,common_stock,profile_fields_present,33
VTS,common_stock,profile_fields_present,9
VTSI,common_stock,profile_fields_present,16
VTVT,common_stock,profile_fields_present,24
VTYX,common_stock,profile_fields_present,27
VUZI,common_stock,profile_fields_present,16
VVI,common_stock,profile_fields_present,9
VVPR,common_stock,profile_fields_present,9
VVV,common_stock,profile_fields_present,18
VVX,common_stock,profile_fields_present,33
VWAV,common_stock,profile_fields_present,6
VZIO,common_stock,profile_fields_present,16
VZLA,common_stock,profile_fields_present,56
WABC,common_stock,profile_fields_present,20
WAFD,common_stock,profile_fields_present,19
WATT,common_stock,profile_fields_present,12
WAVS,spac_or_blank_check,industry_description:SHELL_COMPANIES+BUSINESS_COMBINATION,4
WAY,common_stock,profile_fields_present,28
WBI,common_stock,profile_fields_present,10
WBIY,etf,is_etf=True,25
WBTN,common_stock,profile_fields_present,5
WD,common_stock,profile_fields_present,3
WDFC,common_stock,profile_fields_present,8
WEAV,common_stock,profile_fields_present,25
WEL,spac_or_blank_check,name_contains:ACQUISITION CORP,34
WERN,common_stock,profile_fields_present,13
WEST,common_stock,profile_fields_present,3
WEYS,common_stock,profile_fields_present,11
WFCF,common_stock,profile_fields_present,6
WFH,etf,is_etf=True,36
WGO,common_stock,profile_fields_present,1
WGS,common_stock,profile_fields_present,51
WHD,common_stock,profile_fields_present,15
WHG,common_stock,profile_fields_present,21
WHR,common_stock,profile_fields_present,8
WHWK,common_stock,profile_fields_present,17
WILC,common_stock,profile_fields_present,67
WILD,etf,delisted_name:name_contains:ETF,11
WINA,common_stock,profile_fields_present,15
WING,common_stock,profile_fields_present,34
WIRE,common_stock,profile_fields_present,10
WIX,common_stock,profile_fields_present,24
WK,common_stock,profile_fields_present,6
WKC,common_stock,profile_fields_present,23
WKME,common_stock,profile_fields_present,6
WLAC,spac_or_blank_check,name_contains:ACQUISITION CORP,73
WLDN,common_stock,profile_fields_present,72
WLFC,common_stock,profile_fields_present,55
WLGS,common_stock,profile_fields_present,28
WLKP,common_stock,profile_fields_present,18
WLY,common_stock,profile_fields_present,17
WLYB,common_stock,profile_fields_present,34
WMK,common_stock,profile_fields_present,21
WMPN,common_stock,profile_fields_present,5
WNC,common_stock,profile_fields_present,3
WNEB,common_stock,profile_fields_present,31
WNNR,spac_or_blank_check,name_contains:ACQUISITION CORP,22
WNS,adr,raw_flag:isAdr,26
WOLF,common_stock,profile_fields_present,9
WOOF,common_stock,profile_fields_present,6
WOR,common_stock,profile_fields_present,15
WRAC,spac_or_blank_check,name_contains:ACQUISITION CORP,5
WRBY,common_stock,profile_fields_present,39
WRK,common_stock,profile_fields_present,28
WRLD,common_stock,profile_fields_present,16
WRN,common_stock,profile_fields_present,50
WS,common_stock,profile_fields_present,23
WSBC,common_stock,profile_fields_present,12
WSBCP,preferred,symbol_suffix:fifth_char_P,7
WSBF,common_stock,profile_fields_present,22
WSBK,common_stock,profile_fields_present,21
WSFS,common_stock,profile_fields_present,27
WSR,common_stock,profile_fields_present,62
WT,common_stock,profile_fields_present,77
WTBA,common_stock,profile_fields_present,9
WTFCM,preferred,symbol_suffix:fifth_char_M+inactive,16
WTFCP,preferred,symbol_suffix:fifth_char_P,7
WTI,common_stock,profile_fields_present,14
WTM,common_stock,profile_fields_present,29
WTMA,spac_or_blank_check,name_contains:ACQUISITION CORP,28
WTTR,common_stock,profile_fields_present,45
WU,common_stock,profile_fields_present,3
WUCT,etf,is_etf=True,40
WUSA,etf,is_etf=True,2
WVE,common_stock,profile_fields_present,8
WWW,common_stock,profile_fields_present,32
WYY,common_stock,profile_fields_present,35
X,common_stock,profile_fields_present,10
XBIT,common_stock,profile_fields_present,12
XDJL,etf,is_etf=True,127
XENE,common_stock,profile_fields_present,9
XERS,common_stock,profile_fields_present,41
XFIN,spac_or_blank_check,name_contains:ACQUISITION CORP,51
XFIX,etf,is_etf=True,15
XGN,common_stock,profile_fields_present,40
XHR,common_stock,profile_fields_present,29
XHYC,etf,is_etf=True,16
XHYD,etf,is_etf=True,18
XHYE,etf,is_etf=True,24
XHYF,etf,is_etf=True,17
XHYH,etf,is_etf=True,33
XHYI,etf,is_etf=True,11
XHYT,etf,is_etf=True,1
XIFR,common_stock,profile_fields_present,6
XIN,adr,raw_flag:isAdr,6
XMTR,common_stock,profile_fields_present,34
XNCR,common_stock,profile_fields_present,1
XOMA,common_stock,profile_fields_present,41
XOMAP,preferred,symbol_suffix:fifth_char_P,14
XOS,common_stock,profile_fields_present,1
XPDB,spac_or_blank_check,industry_description:SHELL_COMPANIES+BUSINESS_COMBINATION,6
XPEL,common_stock,profile_fields_present,14
XPOF,common_stock,profile_fields_present,1
XPRO,common_stock,profile_fields_present,10
XRLV,etf,is_etf=True,54
XRN,common_stock,profile_fields_present,1
XRX,common_stock,profile_fields_present,2
XTKG,common_stock,profile_fields_present,5
XWIN,common_stock,profile_fields_present,20
XXCH,etf,is_etf=True,19
XXI,common_stock,profile_fields_present,25
XYLE,etf,is_etf=True,47
YDDL,common_stock,profile_fields_present,10
YETI,common_stock,profile_fields_present,9
YEXT,common_stock,profile_fields_present,20
YMAB,common_stock,profile_fields_present,15
YOSH,common_stock,profile_fields_present,9
YY,adr,raw_flag:isAdr,10
ZBIO,common_stock,profile_fields_present,17
ZD,common_stock,profile_fields_present,9
ZDGE,common_stock,profile_fields_present,10
ZENV,common_stock,profile_fields_present,8
ZETA,common_stock,profile_fields_present,46
ZEUS,common_stock,profile_fields_present,20
ZGN,common_stock,profile_fields_present,21
ZIM,common_stock,profile_fields_present,20
ZIMV,common_stock,profile_fields_present,23
ZIONL,non_common_series,symbol_suffix:fifth_char_L+inactive,9
ZIONO,preferred,symbol_suffix:fifth_char_O+inactive,8
ZIPP,etf,is_etf=True,12
ZK,common_stock,profile_fields_present,6
ZLS,spac_or_blank_check,name_contains:ACQUISITION CORP,49
ZNTL,common_stock,profile_fields_present,3
ZUMZ,common_stock,profile_fields_present,23
ZURA,common_stock,profile_fields_present,9
ZVRA,common_stock,profile_fields_present,32
ZYME,common_stock,profile_fields_present,36
ZZZ,etf,is_etf=True,28
